country,id,year,electricity_aid,electricity_access,rural_electricity_access,urban_electricity_access,fdi,gdp,gdp_per_capita,inflation,life_expectancy,popu_growth,popu_total,rural_popu_growth,urban_popu_growth,unemployment,electricity_access_lag,electricity_access_improvement
Albania,ALB,2020,3.404894,100,100,100,-1019.647592,-3.302082039,14.43648504,1.620886617,76.989,-0.574206959,2.837849,-2.878003312,12.79,0.857610923,100,0
Albania,ALB,2021,3.907389,100,100,100,-1168.644883,8.908527818,16.26180455,2.041471631,76.463,-0.926918062,2.811666,-3.214804211,12.473,0.44340448,100,0
Albania,ALB,2022,22.801707,100,100,100,-1249.8485,4.856401652,19.4927831,6.725202715,76.833,-1.21579032,2.777689,-3.482671893,11.588,0.093716063,100,0
Angola,AGO,2020,1.296603,47,54.2,73.6,1956.982582,-5.638214717,6.455119982,22.27153925,62.261,3.268348405,33.428486,1.333900536,16.676,4.242778261,45.6,0.030701754
Angola,AGO,2021,0.996663,48.2,51.2,75,3297.745964,1.199210521,7.414278958,25.75429488,61.643,3.166029862,34.503774,1.233383566,15.799,4.111785847,47,0.025531915
Angola,AGO,2022,7.205441,48.5,29.008,76.2,6639.719014,3.04540301,7.928641498,21.35529013,61.929,3.096752671,35.588987,1.169889508,14.693,4.013085739,48.2,0.006224066
Antigua and Barbuda,ATG,2020,5.230476,100,100,100,-105.3827804,-18.8803992,22.15941229,0.625989707,78.841,0.592053943,0.092664,0.687849322,11.541,0.296362044,100,0
Antigua and Barbuda,ATG,2021,89.7738764,100,100,100,-305.3098355,8.191718462,25.49312955,2.062996385,78.497,0.597151595,0.093219,0.667546869,9.8508,0.379122302,100,0
Antigua and Barbuda,ATG,2022,93.202949,100,100,100,-294.8562619,9.516395644,29.71156332,7.531078346,79.236,0.581875833,0.093763,0.626473656,6.9048,0.443420768,100,0
Argentina,ARG,2020,44.390219,100,100,100,-3706.950767,-9.900484814,22.30215049,13.29919345,75.892,0.970053991,45.376763,-0.53958153,11.461,1.100415053,100,0
Argentina,ARG,2021,26.1431028,100,100,100,-5114.187942,10.71800993,26.08680236,31.36029535,75.39,0.947490959,45.808747,-0.55955889,8.736,1.075515039,100,0
Argentina,ARG,2022,2.115442,100,100,100,-13110.76393,4.95636996,29.03748912,32.74299065,76.064,0.925835474,46.23483,-0.604271965,6.805,1.053695664,100,0
Armenia,ARM,2020,37.123983,100,100,100,-85.86161924,-7.199999999,15.52346539,1.211435778,72.173,-0.533006607,2.805608,-0.788976479,12.18,-0.384383434,100,0
Armenia,ARM,2021,41.36121,100,100,99.9,-341.8514737,5.800000001,16.89907092,7.184836294,72.043,-0.522963243,2.790974,-0.845109531,10.012,-0.336768059,100,0
Armenia,ARM,2022,56.580006,100,100,100,-948.3104877,12.6,20.44509888,8.64091109,73.372,-0.377102034,2.780469,-0.766181006,8.608,-0.153477829,100,0
Azerbaijan,AZE,2020,0.290804,100,100,100,318.1262,-4.300000102,15.16357033,2.75980947,66.868,0.684365325,10.093121,-0.151513099,7.24,1.335443211,100,0
Azerbaijan,AZE,2021,26.1431028,100,100,100,1784.653,5.616451029,20.1113757,6.650299127,69.366,0.441197736,10.13775,-0.431819746,6.04,1.110980253,100,0
Azerbaijan,AZE,2022,93.202949,100,100,100,4646.691,4.714802365,22.53349406,13.85225901,73.488,0.039507866,10.141756,-0.876203438,5.65,0.731066864,100,0
Bangladesh,BGD,2020,731.188689,96.2,95.2,97.8,-1520.504559,3.448017551,6.596044598,5.691074747,71.968,1.14420974,167.420951,-0.096783577,5.828,3.187094227,92.2,0.043383948
Bangladesh,BGD,2021,597.815758,99,98.5,99.7,-1640.672069,6.938679124,7.366489971,5.545654308,72.381,1.149318476,169.356251,-0.102356944,5.815,3.143603061,96.2,0.029106029
Bangladesh,BGD,2022,2024.976654,99.4,99.3,100,-1603.289893,7.099828776,8.354715868,7.696954372,73.698,1.074836743,171.186372,-0.186067869,5.247,3.020051347,99,0.004040404
Belize,BLZ,2020,0.012004,96.8,95.5,98.3,-71.77462167,-13.73169108,9.54067115,0.121434645,72.854,1.486221516,0.394921,1.192108352,10.7,1.832244559,92.7,0.044228695
Belize,BLZ,2021,0.00547,97.7,97.1,98.4,-123.9583188,17.86244784,11.5598906,3.235636592,70.47,1.285629921,0.400031,0.958986928,10.157,1.667341807,96.8,0.009297521
Belize,BLZ,2022,3.070418,98.6,97.1,98.4,-139.7075588,8.734311438,13.28059839,6.276893194,70.962,1.301640251,0.405272,0.938370415,8.724,1.722996751,97.7,0.009211873
Benin,BEN,2020,63.75467,41,17.4,66.1,-152.4932633,3.8487924,3.354179971,3.022721197,60.088,2.829138113,12.643123,1.76090217,1.565,3.980015606,40,0.025
Benin,BEN,2021,109.636092,42,18,67,-303.0830983,7.155451646,3.575311487,1.733539627,59.821,2.759705179,12.996895,1.674068409,1.694,3.903600912,41,0.024390244
Benin,BEN,2022,292.663996,56.5,45.5,71.1,-329.4192041,6.253244914,3.957961212,1.350778636,59.954,2.702041089,13.352864,1.594563681,1.473,3.84311254,42,0.345238095
Bhutan,BTN,2020,16.073132,100,100,100,2.78696089,-10.21839742,12.43467452,5.629365226,71.609,0.655471789,0.772506,-0.55767301,5.03,2.333262264,100,0
Bhutan,BTN,2021,16.95264,100,100,100,-6.783112488,4.421367389,13.42342887,7.346814405,71.815,0.642586173,0.777486,-0.564185596,4.804,2.264510209,100,0
Bhutan,BTN,2022,47.723748,100,100,100,-8.402097146,5.213867838,15.02172899,5.639166714,72.229,0.637077531,0.782455,-0.559670231,5.947,2.201199782,100,0
Bolivia,BOL,2020,7.949531,97.2,90.9,99.9,1018.358417,-8.737884358,8.21070291,0.940742153,64.467,1.33973922,11.936162,0.175074868,7.903,1.84011335,95.1,0.022082019
Bolivia,BOL,2021,41.09496,98.6,95.1,100,-492.246695,6.111372697,9.342971844,0.737383721,63.63,1.193486719,12.079472,0.008327923,5.089,1.694205951,97.2,0.014403292
Bolivia,BOL,2022,95.114528,99.9,95.6,100,-87.03131266,3.605680426,10.23881209,1.746328729,64.928,1.190274813,12.22411,-0.01937681,3.552,1.692732516,98.6,0.013184584
Bosnia and Herzegovina,BIH,2020,37.465537,100,100,100,-400.099031,-3.015095148,16.27523818,7.69494631,76.225,-1.266771023,3.318407,-2.036664497,15.868,-0.459756543,100,0
Bosnia and Herzegovina,BIH,2021,26.334628,100,100,100,-649.5773342,7.38996234,18.39646909,11.46331019,75.3,-1.440652596,3.270943,-2.238286295,14.897,-0.617820533,100,0
Bosnia and Herzegovina,BIH,2022,29.994626,100,100,100,-728.8407847,4.226811011,20.99852263,7.539771419,75.293,-1.150513985,3.233526,-1.976449661,12.657,-0.312364152,100,0
Botswana,BWA,2020,0.026111,71.8,26.2,90.6,-100.0180956,-8.728752526,14.20827016,1.890359168,65.647,1.850985764,2.546402,-0.540883513,21.017,2.850621129,70.1,0.02425107
Botswana,BWA,2021,0.032309,73.7,25,93.1,286.1357218,11.92063651,16.66386854,7.240977656,61.141,1.636742755,2.588423,-0.736399588,23.106,2.595762801,71.8,0.026462396
Botswana,BWA,2022,0.136355,75.9,25,95.5,-699.5061261,5.486028178,18.51619134,11.66556748,65.913,1.604757743,2.630296,-0.757738983,23.615,2.528399764,73.7,0.029850746
Brazil,BRA,2020,6.076827,99.7,98.7,99.9,-41737.36981,-3.276758796,15.75907823,3.211768038,74.009,0.665176682,213.196304,-1.242708647,13.697,0.951553411,99.8,-0.001002004
Brazil,BRA,2021,2.530125,99.5,97.3,99.8,-30201.1734,4.762604379,17.6729168,8.301659756,72.75,0.528590453,214.326223,-1.376971574,13.159,0.808423004,99.7,-0.002006018
Brazil,BRA,2022,5.577151,100,97.3,100,-41251.76957,3.016694354,19.39858981,9.28010609,73.425,0.459583548,215.313498,-1.434774133,9.231,0.731782792,99.5,0.005025126
Burkina Faso,BFA,2020,24.104447,18.5,35.42,66.1,91.63897326,2.010772624,2.375862852,1.884439938,59.731,2.688787667,21.522626,1.789294301,4.985,4.7586163,17.6,0.051136364
Burkina Faso,BFA,2021,16.374243,19,22.08,67.6,36.8380545,6.939155247,2.4677406,3.653532872,59.27,2.650375915,22.100683,1.733995673,5.11,4.697431091,18.5,0.027027027
Burkina Faso,BFA,2022,67.404367,19.5,3.4,60.5,-646.2083463,1.777915438,2.620507654,14.29023543,59.766,2.559988391,22.673762,1.629258116,5.348,4.578534343,19,0.026315789
Burundi,BDI,2020,9.695822,9.1,0.9,60.5,-20.09071128,0.327156893,0.812055173,7.321106434,61.566,2.867082195,12.220227,2.471535569,1.03,5.393632938,9.8,-0.071428571
Burundi,BDI,2021,2.784934,10.2,1.6,62.8,-21.24343107,3.099999999,0.864280733,8.404538451,61.663,2.672478462,12.551213,2.266052349,1.11,5.193691055,9.1,0.120879121
Burundi,BDI,2022,15.397398,10.3,1.7,64,-23.32307097,1.848999439,0.917506035,18.80087867,61.977,2.66016084,12.889576,2.241568332,0.919,5.181768293,10.2,0.009803922
Cabo Verde,CPV,2020,1.894315,93.7,92.7,94.3,-63.66000206,-20.80527592,6.053270155,0.605795808,74.808,0.967524169,0.58264,-0.393462666,14.66,1.655483825,91.4,0.025164114
Cabo Verde,CPV,2021,1.687065,95.5,96.9,94.9,-92.09355917,7.033530103,6.75369163,1.862152975,74.052,0.902988883,0.587925,-0.45549,13.906,1.575813409,93.7,0.019210245
Cabo Verde,CPV,2022,3.812681,97.1,96.9,95.3,-104.3419732,17.43907944,8.415157595,7.930929254,74.722,0.884624345,0.593149,-0.471079299,12.272,1.542630676,95.5,0.016753927
Cambodia,KHM,2020,29.404687,86.4,82.9,97.3,-3497.632099,-3.096006731,4.50424716,2.940295143,70.416,1.160057697,16.39686,0.598078767,0.172,2.937896229,84,0.028571429
Cambodia,KHM,2021,35.769327,82.5,77.1,98.9,-3391.043981,3.026389364,4.66823778,2.920734776,69.584,1.165135849,16.589023,0.588033612,0.396,2.948412356,86.4,-0.045138889
Cambodia,KHM,2022,64.363587,92.3,88,99,-3428.345015,5.239810289,5.202677725,5.343702649,69.896,1.072167381,16.767842,0.47835914,0.247,2.864036159,82.5,0.118787879
Cameroon,CMR,2020,25.734872,64.3,24.2,93.9,-590.771938,0.259932916,4.319218871,2.437608822,60.833,2.711853658,26.491087,1.326579476,3.866,3.745673451,63.2,0.017405063
Cameroon,CMR,2021,51.508338,65.4,24.8,94.7,-908.7098428,3.338857472,4.74176177,2.271857625,60.333,2.635819406,27.198628,1.240651294,3.951,3.652176219,64.3,0.017107309
Cameroon,CMR,2022,263.974196,71,25,94,-898.3353712,3.582796319,5.122644393,6.247677133,60.958,2.598102588,27.914536,1.190460829,3.687,3.599127785,65.4,0.085626911
Central African Republic,CAF,2020,6.693219,15.4,1.9,33.9,22.15739304,0.899999997,1.003148677,1.710156595,54.604,2.534093932,5.34302,1.796361489,6.556,3.553540599,14.3,0.076923077
Central African Republic,CAF,2021,11.683398,15.7,1.6,34.7,-174.1969238,0.982919996,1.057194395,4.259364175,53.895,2.113637226,5.457154,1.332085989,6.676,3.174372247,15.4,0.019480519
Central African Republic,CAF,2022,59.846878,15.7,1.6,34.7,-425.5484595,0.502110003,1.112445986,5.583167352,54.477,2.210795117,5.579144,1.384397422,6.337,3.31145591,15.7,0
China,CHN,2020,75.281407,100,100,100,-99374.80772,2.238638356,17.89148029,2.419421895,78.077,0.23804087,1411.1,-2.624262199,5,2.078140058,100,0
China,CHN,2021,45.31842,100,100,100,-165277.2371,8.448469417,20.40672966,0.981015136,78.211,0.0892522,1412.36,-2.76132205,4.55,1.838530282,100,0
China,CHN,2022,228.98831,100,100,100,19846.37167,2.989084086,22.49944267,1.973575557,78.587,-0.013099501,1412.175,-2.848480476,4.98,1.649480857,100,0
Colombia,COL,2020,3.650608,99.7,98.5,100,-5725.176361,-7.185914138,15.42759378,2.526635001,74.769,1.470102032,50.930662,-0.243267277,15.983,1.865109516,99.4,0.003018109
Colombia,COL,2021,33.048426,100,100,100,-6380.521503,10.80119819,17.58723179,3.495057574,72.83,1.143820916,51.516562,-0.566548048,13.898,1.529933014,99.7,0.003009027
Colombia,COL,2022,48.701668,100,100,100,-13799.00571,7.288883887,21.05566303,10.17723135,73.659,0.691481571,51.874024,-1.020795408,10.547,1.07001571,100,0
Comoros,COM,2020,9.093181,85.6,80.1,99,-3.875846081,-0.195556827,3.245399588,0.645311016,64.166,1.900940814,0.806166,1.595441843,5.884,2.639099981,83.3,0.027611044
Comoros,COM,2021,4.398487,87.9,82.9,100,-4.024772182,2.112195577,3.426757734,3.611741883,63.417,1.899440995,0.821625,1.569003398,5.857,2.689265697,85.6,0.026869159
Comoros,COM,2022,10.298725,89.9,82.9,100,-3.839060116,2.387678485,3.687625662,17.76783917,63.68,1.82699355,0.836774,1.469820839,5.854,2.670869748,87.9,0.022753129
"Congo, Dem. Rep.",COD,2020,16.060561,20.1,1,42.8,-1498.084808,1.735422767,1.174385868,31.34635236,59.739,3.224478443,92.853164,2.141369957,5.369,4.530128954,19.1,0.052356021
"Congo, Dem. Rep.",COD,2021,33.12533,20.8,1,43.8,-1677.67379,6.200154011,1.358204717,30.51705453,59.193,3.22252816,95.894118,2.118260822,5.273,4.522165517,20.1,0.034825871
"Congo, Dem. Rep.",COD,2022,117.487478,21.5,1,45.3,-1072.734594,8.924447626,1.533743878,14.79971089,59.743,3.197835105,99.010212,2.071830989,4.585,4.491476331,20.8,0.033653846
"Congo, Rep.",COG,2020,5.118048,48.7,11.8,66.2,1001.980582,-6.267777996,4.813315626,1.795371471,63.785,2.332086251,5.702174,0.924593574,22.373,3.006643832,47.7,0.020964361
"Congo, Rep.",COG,2021,3.629748,49.7,12.4,67,330.178308,1.01507338,6.323717579,1.715642755,63.519,2.316488253,5.835806,0.895271039,22.077,2.983567819,48.7,0.020533881
"Congo, Rep.",COG,2022,3.696284,50.6,12.4,67.5,-368.8700288,1.475356132,6.713963637,3.043443347,63.053,2.28055585,5.970424,0.841960506,20.261,2.941799495,49.7,0.018108652
Costa Rica,CRI,2020,34.426173,99.9,99.7,99.9,-1644.265639,-4.273354321,21.71687024,0.724911478,79.277,0.755771068,5.123105,-2.794747303,16.432,1.619944523,99.7,0.002006018
Costa Rica,CRI,2021,5.37352,100,100,99.8,-3146.180283,7.935762247,23.70029613,1.726477551,77.023,0.600406861,5.153957,-2.859852965,15.139,1.406834718,99.9,0.001001001
Costa Rica,CRI,2022,12.09541,100,100,100,-3060.056477,4.55149178,26.18114202,8.274774902,77.32,0.520031292,5.180829,-2.858138071,11.325,1.274945307,100,0
Cuba,CUB,2020,72.3454546,99.9,99.7,100,-666.696404,-10.9490846,10.84166703,2.92455399,77.567,-0.141475202,11.300698,-0.513494255,1.4,-0.031301482,99.8,0.001002004
Cuba,CUB,2021,34.7447256,100,100,100,-40.22055231,1.253693425,11.79937897,6.592344969,73.683,-0.393012542,11.256372,-0.823640913,1.373,-0.266142849,99.9,0.001001001
Cuba,CUB,2022,0.105154,100,100,100,-985.2002491,1.774853995,18.5930996,13.18401807,78.155,-0.393269983,11.212191,-0.874436312,1.254,-0.252344638,100,0
Djibouti,DJI,2020,4.447854,64.5,35.8,72.6,-158.230011,1.316363242,5.676305934,1.777407838,62.694,1.493639579,1.090156,0.825448163,27.645,1.682229503,64.7,-0.00309119
Djibouti,DJI,2021,3.866693,65.4,36.6,73.5,-166.7501308,4.522347746,6.032277956,1.181917753,62.305,1.40284751,1.105557,0.693780245,27.548,1.601216679,64.5,0.013953488
Djibouti,DJI,2022,12.211619,65,36.6,72.8,-187.0228476,3.72857647,6.60638768,5.17980848,62.859,1.373715349,1.120849,0.622995655,26.367,1.581786654,65.4,-0.006116208
Dominica,DMA,2020,2,100,100,100,-23.22365356,-16.60410952,12.74386389,-0.727116413,73.649,0.790672283,0.071995,-0.254312654,4.8654,1.21878413,99.9,0.001001001
Dominica,DMA,2021,0.3795,100,100,100,-26.00831707,6.890549417,14.47228586,1.48319445,72.814,0.577535935,0.072412,-0.486431474,5.1366,1.007006954,100,0
Dominica,DMA,2022,0.3795,100,100,100,-18.37710307,5.583546263,16.28316403,7.780615252,72.981,0.447816441,0.072737,-0.619886725,5.0264,0.872409265,100,0
Dominican Republic,DOM,2020,6.608446,100,100,100,-2559.6,-6.720239373,19.08535362,3.781031799,72.889,1.076552247,10.999664,-2.920425291,6.126,1.942914555,99,0.01010101
Dominican Republic,DOM,2021,20.765575,98.1,94.8,98.8,-3196.8,12.27199023,21.92330194,8.24300348,72.615,1.068926667,11.117873,-2.861851473,7.702,1.880982794,100,-0.019
Dominican Republic,DOM,2022,195.491475,98.1,95,98.8,-4098.8,4.858324036,24.36389337,8.811092093,74.17,0.992978305,11.228821,-2.863102342,5.504,1.753181432,98.1,0
Ecuador,ECU,2020,322.461687,98.9,97.4,99.7,-1095.103901,-9.245096377,11.49892887,-0.338872393,72.153,1.401904626,17.588595,0.900836063,6.127,1.682826688,99.1,-0.002018163
Ecuador,ECU,2021,47.615739,100,100,100,-648.5671509,9.818417748,13.45200877,0.133251386,73.67,1.182063375,17.797737,0.636395805,4.552,1.485504897,98.9,0.011122346
Ecuador,ECU,2022,151.664493,100,100,100,-880.2948035,6.186139073,15.11727063,3.466169722,77.894,1.135599752,18.001,0.547440268,3.761,1.459802764,100,0
"Egypt, Arab Rep.",EGY,2020,323.884269,100,100,100,-5525.3,3.550164839,15.49407882,5.04493289,70.99,1.733129572,107.465134,1.640542893,7.974,1.857087004,100,0
"Egypt, Arab Rep.",EGY,2021,442.656678,100,100,100,-4755.3,3.290646012,15.82067138,5.214049405,70.221,1.658383679,109.262178,1.520216541,7.441,1.842867363,100,0
"Egypt, Arab Rep.",EGY,2022,750.238808,100,100,100,-11058.1,6.587845609,17.76922374,13.89566098,70.159,1.56907383,110.990103,1.385138878,7.344,1.813746863,100,0
El Salvador,SLV,2020,0.109742,99.7,100,99.1,-2.775428358,-7.89310136,9.306030302,-0.371590212,71.061,0.19906237,6.292731,-2.395355262,5.008,1.153976141,97.4,0.023613963
El Salvador,SLV,2021,0.215998,97.9,94.1,99.2,-373.3712876,11.9047617,10.70975958,3.466925853,70.748,0.340068122,6.314167,-2.230731428,4.327,1.253590142,99.7,-0.018054162
El Salvador,SLV,2022,0.391998,100,100,100,-141.5954766,2.799552169,11.74343733,7.198616156,71.475,0.351368234,6.336392,-2.188145494,2.999,1.223189558,97.9,0.02145046
Eswatini,SWZ,2020,4.983496,80,76.1,92.3,-51.09662653,-1.55964259,9.07723198,3.218818183,59.692,0.939644436,1.180655,0.689419439,34.232,1.728736141,77,0.038961039
Eswatini,SWZ,2021,0.404104,82.9,79.1,94.6,-54.32116908,10.68369388,10.20250961,6.283650859,57.066,0.979052258,1.192271,0.717530297,35.707,1.795086063,80,0.03625
Eswatini,SWZ,2022,13.389742,82.3,81.6,86.1,-35.06131244,0.47576934,10.88700387,12.82912836,56.36,0.785236419,1.20167,0.511263374,37.852,1.630781685,82.9,-0.007237636
Ethiopia,ETH,2020,115.779399,51.1,39.4,93.5,-2395.799881,6.059530886,2.442252484,20.35634686,65.371,2.654859156,117.190911,2.056436253,4.024,4.845067621,48,0.064583333
Ethiopia,ETH,2021,101.580705,54.2,42.8,94.3,-4259.445795,5.641530717,2.628343464,26.83952216,64.975,2.604319283,120.283026,1.990730093,3.935,4.788180355,51.1,0.060665362
Ethiopia,ETH,2022,357.555273,55,43,94,-3669.991332,5.321176284,2.888736492,33.88987971,65.645,2.542089203,123.379924,1.914367621,3.493,4.714586798,54.2,0.014760148
Fiji,FJI,2020,5.187903,97.1,96.9,97.3,-225.9165625,-17.03987084,11.1686399,-2.595243259,67.924,0.21284622,0.920422,-0.942916449,4.623,1.084786284,96.1,0.010405827
Fiji,FJI,2021,0.84414,92.1,86.8,96,-377.6918694,-4.881036196,10.59391273,0.155855722,67.114,0.453976646,0.92461,-0.705902086,4.678,1.311501626,97.1,-0.051493306
Fiji,FJI,2022,3.426662,92,86.8,97.6,-86.91043914,20.01646416,13.53419431,4.520192664,68.312,0.55609146,0.929766,-0.607615913,4.481,1.399308402,92.1,-0.001085776
"Gambia, The",GMB,2020,9.347576,62.2,31,80.9,-193.06,0.591487288,2.473519768,5.931276366,62.612,2.56215325,2.573995,0.837228935,5.858,3.607885889,62.1,0.001610306
"Gambia, The",GMB,2021,25.318156,63.7,31.2,82.6,-251.8226288,5.255968794,2.710552463,7.370347589,62.083,2.52879318,2.639916,0.803605068,6.206,3.546248166,62.2,0.024115756
"Gambia, The",GMB,2022,169.831836,65.4,31.2,82.8,-231.488,4.917821309,2.9697572,11.51311984,62.906,2.472147488,2.705992,0.744358437,6.082,3.463684796,63.7,0.026687598
Georgia,GEO,2020,0.102945,100,100,100,-572.3967341,-6.290471785,16.79125987,5.20246489,72.765,0.068656249,3.722716,-0.947171275,11.73,0.767418224,100,0
Georgia,GEO,2021,104.565998,100,100,99.9,-930.7419996,10.64423366,18.9156534,9.566914338,71.694,-0.379636607,3.70861,-1.418405768,11.794,0.322666414,100,0
Georgia,GEO,2022,177.39395,100,100,100,-1766.267912,10.95853214,22.44278672,11.89816542,71.587,0.104889951,3.712502,-0.959845542,11.657,0.812214346,100,0
Ghana,GHA,2020,10.545926,85.4,73.1,94.6,-1333.368957,0.513941671,5.99231759,9.887289563,64.114,2.066268801,32.180401,0.572246227,3.285,3.192042501,83.5,0.022754491
Ghana,GHA,2021,37.449768,86.3,74,95.2,-2413.884871,5.076466435,6.5442382,9.971088675,63.795,2.00774487,32.833031,0.505341525,3.338,3.110640633,85.4,0.010538642
Ghana,GHA,2022,78.325494,85.1,71.6,95,-1472.56963,3.817504621,7.132783653,31.2558951,63.945,1.938982944,33.47587,0.428164103,3.084,3.019610067,86.3,-0.013904983
Grenada,GRD,2020,0.028106,93.4,95.02,100,-163.9355429,-13.75662226,13.51081442,-0.740732597,74.924,0.762219229,0.123663,0.540448622,12.0504,1.148593596,93,0.004301075
Grenada,GRD,2021,25.0029648,93.7,82.22,94.7,-161.5927042,4.687478169,14.32555485,1.219511939,74.936,0.762873605,0.12461,0.515995705,11.0392,1.190241427,93.4,0.003211991
Grenada,GRD,2022,93.4058988,94.2,99.42,99.68,-144.3726759,7.320740616,16.34817022,2.580539259,75.335,0.662275264,0.125438,0.387151131,4.8158,1.135164957,93.7,0.005336179
Guatemala,GTM,2020,18.0299264,96.6,95.8,97.4,-782.62048,-1.791857695,11.27078233,3.214440622,71.797,1.519987854,16.858333,0.699106194,2.953,2.288806327,95.4,0.012578616
Guatemala,GTM,2021,0.122147,97.9,98.1,97.6,-2985.58877,8.002408036,12.10642254,4.261051274,69.237,1.480316806,17.109746,0.627500193,2.174,2.266255112,96.6,0.013457557
Guatemala,GTM,2022,0.124297,99.1,98.2,97.7,-718.76081,4.118004169,13.29960235,6.885128233,68.674,1.439868495,17.357886,0.554381887,3.051,2.242452955,97.9,0.012257406
Guinea,GIN,2020,19.014572,44.7,19.3,88.3,-173.99,4.920266372,3.395094879,10.60162034,59.327,2.512250121,13.205153,1.919953556,5.993,3.534396425,42.2,0.059241706
Guinea,GIN,2021,18.860626,46.8,21.3,89.8,-200.73,3.9,3.735089827,12.59728826,58.892,2.444317219,13.531906,1.826176313,5.767,3.493701573,44.7,0.046979866
Guinea,GIN,2022,230.955468,47.7,21.3,91,-650.1,4.7,4.087091752,10.493041,58.985,2.390914134,13.859341,1.744853013,5.328,3.469252822,46.8,0.019230769
Guinea-Bissau,GNB,2020,14.747409,33.4,15.1,56.4,-20.67543322,1.5,2.083840421,1.140009394,59.999,2.276453357,2.015828,1.528449923,3.614,3.228982531,30.9,0.080906149
Guinea-Bissau,GNB,2021,21.184122,35.8,15.8,60.5,-17.58297681,6.399952624,2.278023395,2.242488796,59.652,2.202589246,2.060721,1.445262607,3.628,3.150706358,33.4,0.071856287
Guinea-Bissau,GNB,2022,48.049036,37.4,15.8,61,-21.1228779,4.199990232,2.486717546,9.393838775,59.861,2.152839304,2.105566,1.384324041,3.204,3.098652451,35.8,0.044692737
Guyana,GUY,2020,5.078887,92.3,90.5,97.2,-1280.922188,43.47965172,17.03628992,0.993337023,68.486,-0.194366444,0.797202,-0.326880128,15.701,0.16872974,91.6,0.007641921
Guyana,GUY,2021,7.138379,92.9,91.2,97.5,-2234.057115,20.00752973,23.1761332,5.032855746,65.673,0.919614739,0.804567,0.768035889,14.927,1.332754531,92.3,0.006500542
Guyana,GUY,2022,9.312035,93,91.6,98,-437.3458951,63.43986437,40.33759901,6.115055501,65.989,0.515592544,0.808726,0.344378732,12.423,0.979457775,92.9,0.001076426
Haiti,HTI,2020,3.234876,46.3,32.88,80.9,-25,-3.30550547,3.08590305,22.79631136,64.052,1.302919959,11.306801,-0.763589981,15.56,2.884885867,45.4,0.019823789
Haiti,HTI,2021,4.387973,47.2,50.62,81.8,-51.299,-1.798239889,3.114963542,16.84152402,63.192,1.237298997,11.447569,-0.825205318,15.253,2.760112803,46.3,0.019438445
Haiti,HTI,2022,9.423245,49.3,45.008,83,-39.4132,-1.681983969,3.239319005,33.98393195,63.728,1.193341956,11.584996,-0.864032501,14.719,2.659326048,47.2,0.044491525
Honduras,HND,2020,274.162118,93.1,83.4,100,-373.0278549,-8.965082233,5.383568901,3.46841178,71.462,1.622836377,10.121763,0.123593387,10.679,2.7065036,91.1,0.021953897
Honduras,HND,2021,44.291045,94.1,85.7,100,-512.6747502,12.56528438,6.20994035,4.480879634,70.123,1.535139668,10.278345,0.027731733,7.94,2.596999092,93.1,0.010741139
Honduras,HND,2022,105.378029,94.4,86.8,100,-737.7360788,4.14356194,6.820087245,9.089639115,70.728,1.492118559,10.43286,-0.026023483,7.037,2.534459169,94.1,0.003188098
India,IND,2020,277.941853,96.5,95.2,99,-53239.69739,-5.777724707,6.997358393,6.623436776,70.15,0.955220858,1396.387127,0.259976035,7.859,2.263634557,95.9,0.006256517
India,IND,2021,401.641684,99.6,99.3,100,-27488.54312,9.689592492,8.087993803,5.131407472,67.24,0.797216094,1407.563842,0.07698407,6.38,2.125468465,96.5,0.032124352
India,IND,2022,1199.070462,99.2,99.3,100,-35408.00869,6.987039326,9.199567739,6.699034141,67.744,0.680372581,1417.173173,-0.06379522,4.822,2.024671217,99.6,-0.004016064
Indonesia,IDN,2020,162.534427,97,93.5,99.6,-14142.47396,-2.065511829,11.85694333,1.920968006,68.808,0.840389268,271.85797,-0.661230199,4.255,2.005320259,98.9,-0.019211325
Indonesia,IDN,2021,322.380941,99.2,98.2,99.9,-17286.35413,3.702885628,12.89710314,1.560129905,67.57,0.694717688,273.753191,-0.813402954,3.827,1.834015854,97,0.022680412
Indonesia,IDN,2022,850.358537,100,98.2,100,-18067.20797,5.307419348,14.44564316,4.209463834,68.25,0.636555115,275.501339,-0.882772358,3.462,1.754389675,99.2,0.008064516
"Iran, Islamic Rep.",IRN,2020,77.2722146,100,100,100,1192.352179,3.330288459,14.18035331,30.59413904,74.832,0.835176148,87.290193,-1.147034724,9.687,1.473791895,100,0
"Iran, Islamic Rep.",IRN,2021,95.630602,100,100,100,-4400.365984,4.719777732,15.04237411,43.38901627,73.875,0.722822505,87.923432,-1.248735704,9.282,1.341669514,100,0
"Iran, Islamic Rep.",IRN,2022,17.480982,100,100,100,-11608.42556,3.776631402,16.59126457,43.48846417,74.556,0.710745643,88.55057,-1.261653676,9.085,1.314069461,100,0
Iraq,IRQ,2020,226.604228,100,100,100,3006.3,-12.03679309,10.46451163,0.574162679,69.123,2.362111839,42.556984,1.626172652,15.776,2.66584656,100,0
Iraq,IRQ,2021,152.828693,100,100,100,2771.9,1.50218071,12.59652649,6.041864891,70.378,2.26888921,43.533592,1.489418678,16.173,2.587170386,100,0
Iraq,IRQ,2022,710.723301,100,100,100,2326.5,7.639811402,14.19960736,4.994765964,71.336,2.186916934,44.496122,1.369901533,15.588,2.516805592,100,0
Jamaica,JAM,2020,0.219285,99.7,99.3,100,-258.4078906,-9.920322451,9.024006603,5.226777793,71.869,0.236519558,2.820436,-0.506901553,6.501,0.817135661,98.9,0.008088979
Jamaica,JAM,2021,2.480583,100,100,100,-264.325079,4.6014245,9.610989337,5.862782428,70.5,0.257040922,2.827695,-0.526533488,5.188,0.860776649,99.7,0.003009027
Jamaica,JAM,2022,12.446611,100,100,100,-258.446,5.221519852,10.82609346,10.34956884,70.629,-0.011246541,2.827377,-0.835872716,4.083,0.615165967,100,0
Jordan,JOR,2020,25.96171,99.9,98.8,100,-733.943662,-1.102751883,9.523548171,0.333294351,75.184,2.127362818,10.928721,-0.346981242,19.213,2.362820141,99.9,0
Jordan,JOR,2021,8.008392,99.9,98.8,100,-605.915493,3.65564191,9.115019511,1.346093772,74.256,1.989076856,11.148278,-0.46445105,19.837,2.216344393,99.9,0
Jordan,JOR,2022,284.727642,100,98.9,100,-1152.816901,2.428073305,9.871875153,4.229155689,74.215,1.226636566,11.285869,-1.202955748,18.2,1.445769018,99.9,0.001001001
Kazakhstan,KAZ,2020,12.48889,100,100,100,-5875.441739,-2.499999996,30.16460352,6.718154549,71.37,1.298635325,18.755666,0.989628831,4.89,1.526047151,100,0
Kazakhstan,KAZ,2021,0.06582,100,100,100,-1901.441602,4.299999997,33.89389546,8.04147134,70.23,2.296407589,19.191356,1.941408907,5.556,2.556167696,100,0
Kazakhstan,KAZ,2022,0.06582,100,100,100,-8076.528683,3.2,36.59540669,15.02786444,74.44,2.28528529,19.634983,1.883803363,4.86,2.577143051,100,0
Kenya,KEN,2020,152.468218,71.5,62.7,94.1,-568.7838879,-0.272766327,4.81392014,5.405162079,62.675,2.009700111,51.98578,1.334255013,5.621,3.768242363,69.7,0.025824964
Kenya,KEN,2021,113.820655,76.5,68.2,97.5,-53.35759436,7.590489473,5.360361903,6.107936037,61.427,1.942761283,53.005614,1.248738518,5.693,3.706016741,71.5,0.06993007
Kenya,KEN,2022,284.069936,76,65.6,98,-344.3840165,4.846634856,5.902091974,7.659862683,62.055,1.909510311,54.027487,1.195146862,5.805,3.680144053,76.5,-0.006535948
Kiribati,KIR,2020,0.390567,91,94.3,88.4,-2.512229966,-0.641025641,2.721613344,2.553245544,67.266,1.772654752,0.126463,0.078382475,5.7622,3.146885497,89.3,0.019036954
Kiribati,KIR,2021,4.241574,92.8,96.4,88.3,-0.929993218,8.709677419,3.036415136,2.053616768,67.417,1.888540758,0.128874,0.206350691,4.9026,3.212155216,91,0.01978022
Kiribati,KIR,2022,8.902548,94.4,95.98,86,-2.800444394,3.857566766,3.314935747,17.76783917,67.661,1.813156636,0.131232,0.143837648,5.5234,3.088142657,92.8,0.017241379
Kosovo,XKX,2020,7.276604,70.84,61.86,80.84,-326.127458,-5.340275478,10.53261137,0.198227923,76.567,0.070131109,1.790133,1.81110756,8.6204,2.840806608,80.44,-0.11934361
Kosovo,XKX,2021,8.612204,98,96.18,99.04,-382.1520615,10.74565608,12.36270481,3.353691392,76.806,-0.229015994,1.786038,-0.827546282,2.6914,0.544332539,70.84,0.383399209
Kosovo,XKX,2022,12.192938,77.8,65.32,92.24,-580.5797355,4.278498508,13.9394565,11.58051045,79.524,-1.010215326,1.768086,-0.311243208,9.1176,0.934806444,98,-0.206122449
Kyrgyz Republic,KGZ,2020,32.328113,99.9,99.9,99.8,582.4052,-7.148977577,5.294015747,6.325422963,71.8,1.897863823,6.5799,1.479061527,4.63,2.619484054,99.9,0
Kyrgyz Republic,KGZ,2021,47.561707,99.7,99.6,99.8,-560.7225,5.507007627,5.802388972,11.90503982,71.9,2.898362886,6.7734,2.438042506,4.096,3.682120672,99.9,-0.002002002
Kyrgyz Republic,KGZ,2022,147.033057,99.7,99.6,100,-509.461,8.9675052,6.572382761,13.92290932,72.04878049,2.931481417,6.9749,2.429062743,4.055,3.775906678,99.7,0
Lao PDR,LAO,2020,1.978482,99.3,99,99.9,-967.7060862,0.503031829,7.942722599,5.10407263,68.497,1.47745666,7.319399,0.470138668,2.314,3.270805552,98.4,0.009146341
Lao PDR,LAO,2021,0.111118,100,100,100,-1071.913716,2.528351005,8.111056067,3.755620367,68.061,1.433214065,7.425057,0.409309689,1.997,3.205785518,99.3,0.007049345
Lao PDR,LAO,2022,0.111118,100,100,100,-635.807276,2.707426526,8.793557551,22.95622251,68.999,1.396495684,7.529475,0.355601032,1.209,3.148815865,100,0
Lebanon,LBN,2020,0.502349,100,99.8,100,-1577.981266,-21.39989969,16.37304799,84.86433305,77.804,-2.079336906,5.662923,-3.575939801,13.235,-1.891366858,100,0
Lebanon,LBN,2021,1.69539,100,100,100,-1938.565216,-7.001238625,11.86005863,154.756096,75.047,-1.249035167,5.592631,-2.777675695,12.621,-1.060279355,100,0
Lebanon,LBN,2022,21.307654,100,100,100,-460.6867771,-0.621678971,12.85266602,171.2054913,74.416,-1.856912493,5.489739,-3.418492131,11.599,-1.667404485,100,0
Lesotho,LSO,2020,0.649836,47.5,35.2,77.5,-28.00166692,-7.458717059,2.537792082,4.978096763,54.693,1.267840873,2.2541,0.64560554,18.351,2.805682831,44.6,0.065022422
Lesotho,LSO,2021,2.839676,50.4,37.7,80.6,12.37219246,1.852678521,2.516977753,6.04774592,53.062,1.20621788,2.281454,0.56727865,18.129,2.751412734,47.5,0.061052632
Lesotho,LSO,2022,9.204356,50,37.7,83.6,7.820069161,1.285504125,2.699990941,8.271803899,53.036,1.062557097,2.305825,0.403874539,16.668,2.620828123,50.4,-0.007936508
Liberia,LBR,2020,43.671271,27.6,8.1,45.4,-737.9679466,-2.982491276,1.679705449,39.73177806,60.948,2.031168603,5.087584,1.046684322,4.092,2.945325974,23.1,0.194805195
Liberia,LBR,2021,36.783885,29.8,8.1,49.5,-535.5829055,4.986712835,1.558742249,22.95103104,60.747,2.05886078,5.193416,1.043515837,3.792,2.983750285,27.6,0.079710145
Liberia,LBR,2022,89.523249,31.8,14.9,53.7,-960.1924687,4.808105173,1.712683247,24.56224769,61.1,2.082087222,5.302681,1.039288467,2.99,3.013573699,29.8,0.067114094
Libya,LBY,2020,6.3326664,69.4,87.3,100,350.4,-58.31823042,16.26187902,1.44703657,72.472,1.283445092,6.653942,-0.248055659,19.535,1.653430898,68.5,0.013138686
Libya,LBY,2021,1.019172,70.2,76.42,100,-377.6,153.4926407,18.17152297,2.868330278,71.911,1.214947645,6.735277,-0.36671793,19.595,1.589752615,69.4,0.011527378
Libya,LBY,2022,1.019172,70,51.88,100,-312.0503747,1.336148097,19.48790102,4.510301492,72.151,1.137688282,6.812341,-0.496109095,19.319,1.517238127,70.2,-0.002849003
Madagascar,MDG,2020,22.488832,32,6.7,72.4,-239.3737346,-7.137671621,1.528782411,4.201793122,65.182,2.482422893,28.225177,1.393458517,3.246,4.244365289,31,0.032258065
Madagascar,MDG,2021,14.964509,35.1,10.9,72.6,-243.2093758,5.739615739,1.642304162,5.812251188,64.485,2.416869374,28.915653,1.315918917,3.415,4.148299413,32,0.096875
Madagascar,MDG,2022,48.232717,36.1,10.9,71.6,-325.8312006,3.796199089,1.781782812,8.16059032,65.23,2.37869515,29.611714,1.262158169,3.186,4.085676867,35.1,0.028490028
Malawi,MWI,2020,16.404017,11.5,3.5,49.6,-406.0856555,0.799998331,1.560961347,8.625514697,63.717,2.665771783,19.377061,2.359844372,5.681,4.128184959,11.2,0.026785714
Malawi,MWI,2021,13.377243,14.2,5.6,54.2,-101.8690894,2.751402609,1.728825398,9.330144108,62.904,2.611417766,19.889742,2.286325063,5.585,4.13757318,11.5,0.234782609
Malawi,MWI,2022,71.414019,14,5.6,54,-206.2480316,0.923449719,1.820452233,20.95396973,62.898,2.559138271,20.405317,2.212265264,5.051,4.156925538,14.2,-0.014084507
Malaysia,MYS,2020,3.865348,100,100,100,-762.7780474,-5.456846584,28.04538736,-1.138702154,75.938,1.199859622,33.199993,-1.192485227,4.54,1.919132768,100,0
Malaysia,MYS,2021,0.00167,100,100,100,-7460.181234,3.297641008,30.4560929,2.477102415,74.884,1.119853991,33.573874,-1.254873829,4.64,1.812110672,100,0
Malaysia,MYS,2022,0.021406,100,100,100,-3216.658619,8.650344224,35.04031009,3.378698625,76.26,1.079363741,33.938221,-1.270483121,3.93,1.743852005,100,0
Maldives,MDV,2020,15.096642,100,100,100,-440.7117094,-32.90882878,13.10385051,-1.369774256,79.875,1.949134572,0.514438,1.225282131,5.404,3.014630756,100,0
Maldives,MDV,2021,3.783972,100,100,100,-642.8307136,37.68719229,18.8657193,0.543149689,79.918,1.355177392,0.521457,0.622849442,5.021,2.41402268,100,0
Maldives,MDV,2022,8.899786,100,100,100,-732.2271008,13.90667638,22.90005882,2.333143376,80.839,0.445829655,0.523787,-0.293794181,4.424,1.496245692,100,0
Mali,MLI,2020,14.197095,50.6,16.8,93.9,-535.6968161,-1.235450447,2.351289606,0.43808894,58.633,3.142603659,21.22404,1.773893183,3.528,4.918746329,47.9,0.056367432
Mali,MLI,2021,8.593452,53.4,18.3,96.9,-584.0690237,3.052613569,2.399461535,3.925602831,58.941,3.157964369,21.904983,1.779305136,2.29,4.891910534,50.6,0.055335968
Mali,MLI,2022,140.812508,53,18.3,99.7,-671.8362045,3.474951711,2.576659105,9.621476085,59.417,3.095209254,22.59359,1.711937322,3.09,4.781999432,53.4,-0.007490637
Marshall Islands,MHL,2020,0.206999,98.3,100,95.7,-3.045061113,-2.845981661,6.02468032,7.030557894,64.977,-2.98407683,0.043413,-4.671332022,6.3306,-2.497205788,96.8,0.015495868
Marshall Islands,MHL,2021,28.1646354,99.8,100,96,-0.499428443,1.112300902,6.577489177,3.931468352,65.269,-3.189954901,0.04205,-4.856715999,4.6216,-2.719255182,98.3,0.01525941
Marshall Islands,MHL,2022,2.330374,100,100,96.1,-157.8751623,-0.675525739,7.0739682,16.16507677,65.146,-1.150468925,0.041569,-2.80495421,3.4788,-0.693058478,99.8,0.002004008
Mauritania,MRT,2020,38.134846,45.4,58.3,87.5,-927.9162658,-0.360657379,5.870299805,2.385694885,64.532,2.58400208,4.498604,0.765087692,11.01,4.077189084,44.9,0.011135857
Mauritania,MRT,2021,16.348824,47.7,58.64,89.7,-1061.518903,0.7427155,5.988203551,3.565164847,64.364,2.553910771,4.614974,0.733250156,11.068,4.000166347,45.4,0.050660793
Mauritania,MRT,2022,67.664806,49,37.008,91.6,-1401.620462,6.387023096,6.6447752,9.525266286,64.691,2.591601268,4.736139,0.774291763,10.602,3.989160291,47.7,0.027253669
Mauritius,MUS,2020,20.541725,99.5,99.5,99.4,12733.70324,-14.54653815,21.3262244,2.580800772,74.17707317,0.00229068,1.266014,0.012400984,8.627,-0.012401683,100,-0.005
Mauritius,MUS,2021,0.052986,99.6,99.8,99.3,2426.797665,3.403798662,22.73757294,4.028528882,73.6802439,0.025272988,1.266334,-0.000133336,7.719,0.062186707,99.5,0.001005025
Mauritius,MUS,2022,0.052986,100,100,99,9339.260069,8.87988519,26.57975609,10.77375122,73.51463415,-0.301401217,1.262523,-0.360522486,6.322,-0.215590864,99.6,0.004016064
Mexico,MEX,2020,100.21057,99.4,97.7,99.8,-26490.31648,-8.624555731,19.47308849,3.396834156,70.133,0.727243816,125.998302,-0.751209475,4.441,1.083378227,99.6,-0.002008032
Mexico,MEX,2021,0.460391,100,100,99.9,-35611.9814,5.739208338,21.13191576,5.689208477,70.213,0.559420832,126.705138,-0.930688376,4.019,0.911823977,99.4,0.006036217
Mexico,MEX,2022,1.831157,100,100,99.8,-21784.38873,3.948999999,23.85912564,7.896276192,74.832,0.628607803,127.504125,-0.878691643,3.256,0.978542829,100,0
Moldova,MDA,2020,5.22584,100,100,100,-151.93,-8.27597832,13.52744131,3.765971222,70.166,-1.098031659,2.63513,-1.31305213,1.206,-0.810520953,100,0
Moldova,MDA,2021,0.00412,100,100,100,-371.84,13.92999979,15.68207033,5.10641129,68.846,-1.503429523,2.595809,-1.764476226,0.794,-1.156308799,100,0
Moldova,MDA,2022,5.658894,100,100,100,-541.08,-5.015482319,16.30176569,28.73729768,68.621,-2.216966827,2.538894,-2.524463045,0.909,-1.810774512,100,0
Mongolia,MNG,2020,1.654215,99.5,98.5,100,-1693.148726,-4.557751976,13.82980256,3.796040261,72.141,1.897015028,3.294335,1.533868049,6.594,2.063236689,98.9,0.006066734
Mongolia,MNG,2021,4.335388,100,100,100,-2060.022768,1.636769577,14.95113657,7.352812434,70.975,1.609371036,3.347782,1.200176327,7.747,1.795619519,99.5,0.005025126
Mongolia,MNG,2022,30.405766,100,100,100,-2428.43714,5.032709637,16.55907453,15.14795609,72.667,1.499669086,3.398366,1.034051107,6.211,1.710255913,100,0
Morocco,MAR,2020,143.109441,100,100,100,-959.4162068,-7.178207442,7.681835449,0.705968661,73.92,1.053160179,36.688772,-0.411330731,11.203,1.903584019,99.6,0.004016064
Morocco,MAR,2021,122.021879,100,100,100,-1621.385379,8.02098437,8.581330078,1.40195884,74.042,1.051484312,37.076584,-0.420857636,10.539,1.886932349,100,0
Morocco,MAR,2022,374.740165,100,100,100,-1654.898394,1.258543984,9.205335938,6.657042028,74.973,1.023391979,37.457971,-0.465299245,9.53,1.848819899,100,0
Mozambique,MOZ,2020,116.777004,30.6,4.6,74.8,-3034.562056,-1.219522503,1.393756781,3.483935675,61.172,2.904819659,31.178239,2.040877495,3.877,4.388500663,29.7,0.03030303
Mozambique,MOZ,2021,152.008035,31.5,3.8,77.4,-5101.667955,2.377435737,1.440459681,6.40847653,59.325,2.842112349,32.077072,1.957811334,3.984,4.325371939,30.6,0.029411765
Mozambique,MOZ,2022,534.174349,33.2,5,79.4,-2458.453111,4.359800201,1.565549233,10.27940181,59.625,2.744193061,32.969518,1.843918169,3.621,4.218860406,31.5,0.053968254
Myanmar,MMR,2020,125.885717,70.4,60.1,93.1,-571.3959594,-9.04834718,5.697288038,4.1063766,66.797,0.719472826,53.423198,0.300652558,1.476,1.651843636,68.3,0.030746706
Myanmar,MMR,2021,31.42382,72.5,62.8,93.6,-924.740466,-12.01637248,5.13888725,79.98874624,65.672,0.699278204,53.798084,0.252443777,4.34,1.680286962,70.4,0.029829545
Myanmar,MMR,2022,35.102078,73.7,62.8,93.9,-4198.819796,4.037493436,5.682541332,41.98611662,67.256,0.706117427,54.179306,0.233828331,2.83,1.727971918,72.5,0.016551724
Namibia,NAM,2020,0.046698,52.3,54.34,74.7,201.5668858,-8.101400746,10.25479841,2.209382369,62.829,1.720310624,2.489098,-0.324612895,20.966,3.643216034,53.3,-0.018761726
Namibia,NAM,2021,0.035507,55.2,33.2,74.7,-822.4402429,3.603829192,10.78508343,3.616905301,59.269,1.63585889,2.530151,-0.411416491,20.877,3.486732954,52.3,0.055449331
Namibia,NAM,2022,0.238581,56.2,33.2,74.8,-1045.15443,5.349664086,11.98741303,6.081281141,58.059,1.446359184,2.567012,-0.597977572,19.748,3.224590171,55.2,0.018115942
Nauru,NRU,2020,0.616207,100,100,100,-533.6436975,1.57480315,10.22300957,1.439928907,63.437,1.497144175,0.012315,-0.443964734,5.8074,1.497144175,100,0
Nauru,NRU,2021,0.639231,100,100,100,-48.81067812,7.751937984,11.34004016,4.712164194,63.617,1.579022576,0.012511,-0.537041869,3.614,1.579022576,100,0
Nauru,NRU,2022,1.022815,100,100,100,-187.0974829,2.158273381,12.24679277,14.58992896,64.014,1.247087134,0.012668,-1.280925103,3.239,1.247087134,100,0
Nepal,NPL,2020,96.908551,89.9,78.94,94.2,-126.6263375,-2.369620629,4.180436985,5.052366553,69.246,1.774268056,29.348627,1.243099124,13.157,3.851477257,89.9,0
Nepal,NPL,2021,117.186254,89.9,80.2,94.2,-196.326024,4.838149614,4.461468785,4.149680034,68.45,2.311723712,30.034989,1.766322859,12.315,4.38952105,89.9,0
Nepal,NPL,2022,337.031174,91.3,93.7,97.7,-65.4558651,5.631314559,4.959883465,7.650791768,70.484,1.692246601,30.54758,1.129851384,10.922,3.779043143,89.9,0.015572859
Nicaragua,NIC,2020,59.611004,86,65.9,100,-707,-1.755380361,6.075558814,3.681813416,71.795,1.370695685,6.755895,0.757764476,6.167,1.798641366,85.7,0.003500583
Nicaragua,NIC,2021,18.166539,86.3,66.3,100,-1205.575961,10.31544841,6.873731177,4.928413969,73.837,1.39120242,6.85054,0.742566938,6.064,1.839262225,86,0.003488372
Nicaragua,NIC,2022,49.945337,86.5,66.3,100,-1274.453434,3.752284757,7.526290384,10.46742445,74.615,1.418278462,6.948392,0.730830815,4.978,1.887827701,86.3,0.002317497
Niger,NER,2020,15.991809,18.7,9.7,63.8,-345.6615492,3.550641094,1.458939934,2.89819376,61.451,3.727100725,24.333639,3.59644789,0.62,4.384869056,18.5,0.010810811
Niger,NER,2021,30.543912,18.6,9.1,65.9,-555.5707085,1.383596362,1.538470747,3.837868028,61.576,3.707423785,25.252722,3.557387531,0.819,4.456430699,18.7,-0.005347594
Niger,NER,2022,175.664546,19.5,7.7,66.1,-957.2564549,11.9,1.775596544,4.226217919,62.08,3.712987818,26.207977,3.541062406,0.552,4.563064136,18.6,0.048387097
Nigeria,NGA,2020,21.756924,55.4,24.6,83.9,-911.9452286,-1.794253083,5.499384691,13.24602343,52.887,2.440608885,208.327405,0.787064592,5.712,3.994245224,55.4,0
Nigeria,NGA,2021,101.163323,59.5,26.3,89.2,-1495.300005,3.647186541,5.623664078,16.95284572,52.676,2.406363381,213.401323,0.752530934,5.393,3.911587634,55.4,0.07400722
Nigeria,NGA,2022,424.330483,60.5,27,89,119.7293407,3.251681408,6.069187109,18.84718778,53.633,2.380007155,218.541212,0.726336521,3.827,3.838622955,59.5,0.016806723
North Macedonia,MKD,2020,0.494689,100,100,100,-172.9144803,-4.68845001,19.96138987,1.200073489,74.39512195,-1.07910572,1.856124,-1.736782546,16.575,-0.609562819,100,0
North Macedonia,MKD,2021,2.646446,100,100,100,-453.2275897,4.51067949,22.37149679,3.230749121,73.24634146,-1.029458047,1.837114,-1.764442865,15.801,-0.510930871,100,0
North Macedonia,MKD,2022,16.36327,100,100,100,-683.8260642,2.221705271,24.17957244,14.20471732,74.42487805,-0.294481336,1.831712,-1.103340037,14.477,0.268721166,100,0
Pakistan,PAK,2020,56.603159,94.5,91.5,99.6,-2102,-1.274087443,5.221438545,9.739993139,66.269,1.73302782,227.196741,1.323269252,6.162,2.429650206,93.9,0.006389776
Pakistan,PAK,2021,462.18248,94.9,91.9,99.9,-1905,6.513885759,5.554585701,9.496210561,66.098,1.834062082,231.402117,1.395447272,6.338,2.571281636,94.5,0.004232804
Pakistan,PAK,2022,763.977768,95,93,100,-305,4.767539531,6.11232472,19.87385996,66.431,1.893245598,235.824862,1.427006996,5.548,2.667484112,94.9,0.001053741
Palau,PLW,2020,0.179035,100,100,100,-43.1,-7.568021229,17.63107023,0.218181818,72.463,0.312082286,0.017972,-2.371424025,13.7044,0.952651137,100,0
Palau,PLW,2021,5.111263,100,100,100,-31.441,-14.16405111,15.78197905,2.612481858,70.7734,0.288921192,0.018024,-2.339114789,5.1366,0.896008183,100,0
Palau,PLW,2022,15.247343,100,100,99.9,-72.014,-0.362288565,16.80309006,12.35266384,69.5556,0.17184516,0.018055,-2.425831506,8.6146,0.752979849,100,0
Panama,PAN,2020,200.483081,95.3,85.6,99.8,-78.09031777,-17.66833272,27.02263901,-1.550275408,76.657,1.451052137,4.294396,0.33341475,14.183,1.971298432,93.9,0.014909478
Panama,PAN,2021,0.369519,95.3,87.56,99.8,-1361.403363,15.83576505,30.89583225,1.630703373,76.223,1.315615015,4.351267,0.166107428,10.453,1.84190423,95.3,0
Panama,PAN,2022,1.322467,95,100,99,-2871.785545,10.80936612,36.16958621,2.859651288,76.826,1.308580191,4.408581,0.129526885,8.202,1.839335609,95.3,-0.003147954
Papua New Guinea,PNG,2020,1.898547,20.5,13.6,65.2,883.7662232,-3.167381176,3.926781321,4.871673986,65.787,2.147632274,9.74964,2.03806283,2.814,2.862051355,23.6,-0.131355932
Papua New Guinea,PNG,2021,5.199699,20.9,14,65.2,1701.670642,-0.780328729,3.992941221,4.48359014,65.351,2.02856054,9.949437,1.900381661,2.906,2.856909649,20.5,0.019512195
Papua New Guinea,PNG,2022,12.591309,19,14.2,65.1,1137.772426,5.165051326,4.409232631,5.253239222,65.958,1.923028218,10.142619,1.77732307,2.689,2.855110077,20.9,-0.090909091
Paraguay,PRY,2020,32.366665,99.7,99.4,99.9,-158.6241288,-0.819785391,14.27654557,1.767515924,73.182,1.34872957,6.618695,0.548085092,7.548,1.838800142,99.7,0
Paraguay,PRY,2021,5.128325,100,100,100,-88.79446657,4.016737318,15.36108475,4.787983101,70.262,1.277616002,6.703799,0.446506103,7.311,1.779703817,99.7,0.003009027
Paraguay,PRY,2022,31.156515,100,100,100,-724.8281566,0.176038366,16.2846953,9.765566672,70.475,1.141244982,6.780744,0.278944751,6.755,1.655165992,100,0
Peru,PER,2020,0.408052,96.2,86.1,99,1216.825868,-10.9333065,12.38745135,2.002412058,73.665,1.451402401,33.304756,0.543217227,7.179,1.70460744,95.6,0.006276151
Peru,PER,2021,3.118801,95.6,83.6,98.9,-5173.359282,13.35522951,15.0286277,4.271663815,72.377,1.225660252,33.715471,0.285902819,5.097,1.484594177,96.2,-0.006237006
Peru,PER,2022,7.533893,96.2,85.1,99,-11788.73816,2.725500216,16.36308639,8.333706301,73.385,0.986112054,34.049588,0.013959907,3.85,1.250729817,95.6,0.006276151
Philippines,PHL,2020,0.583407,96.4,94.7,98.2,-3260.102017,-9.518294741,8.230311614,2.393162393,72.119,1.626632905,112.190977,1.135371397,2.522,2.17445182,95.3,0.011542497
Philippines,PHL,2021,1.677304,97.5,96.5,98.6,-9732.242739,5.714733134,8.797168712,3.927180221,69.266,1.494557167,113.880328,0.968379335,3.398,2.075050707,96.4,0.011410788
Philippines,PHL,2022,20.470098,94.8,91.1,98,-5630.950417,7.580982128,9.983287753,5.821158112,72.187,1.46331573,115.559009,0.901683662,2.598,2.075897209,97.5,-0.027692308
Rwanda,RWA,2020,92.416442,45.2,34.9,93.9,-152.614121,-3.37369377,2.270903332,9.850399023,66.774,2.39670705,13.146362,2.252681807,11.829,3.081725956,46.6,-0.030042918
Rwanda,RWA,2021,42.080405,48.7,38.2,98,-211.8961289,10.85796719,2.70945783,-0.391346748,66.072,2.371751548,13.461888,2.206909009,15.793,3.148870171,45.2,0.077433628
Rwanda,RWA,2022,73.250073,50.6,38.2,98,-305.1018634,8.157734403,3.06514536,17.68920956,67.129,2.311603239,13.776698,2.125815819,15.085,3.178769095,48.7,0.039014374
Samoa,WSM,2020,0.611674,100,100,100,-2.890991945,-3.108444011,6.362414204,-1.568912477,72.768,1.416968,0.214929,1.62060881,10.214,0.487545125,99.2,0.008064516
Samoa,WSM,2021,28.1646354,98.3,97.9,100,-8.231876023,-7.078830943,6.074689855,3.133204732,72.767,1.768578216,0.218764,1.94770361,10.368,0.942255425,100,-0.017
Samoa,WSM,2022,12.2902136,98.3,97.9,100,-4.889535574,-5.3062909,6.057197363,10.96188223,72.598,1.640310066,0.222382,1.793206951,9.923,0.928354618,98.3,0
Sao Tome and Principe,STP,2020,0.109035,76.8,71,78.8,-46.25873761,2.624859495,5.116158903,9.819327915,67.785,1.865994498,0.218641,-1.037878226,15.183,2.887483021,75.1,0.022636485
Sao Tome and Principe,STP,2021,0.132094,78.5,73.7,80,-58.88696076,1.899298913,5.703248243,8.137770384,67.591,2.022036167,0.223107,-0.821944513,15.042,2.984518357,76.8,0.022135417
Sao Tome and Principe,STP,2022,2.130264,78,73.7,80,-126.5882292,0.065282438,5.994002203,18.00563511,68.794,1.897114969,0.22738,-0.877721407,14.115,2.801696151,78.5,-0.006369427
Senegal,SEN,2020,43.020742,64.3,38.6,92,-1746.478532,1.342073773,3.833543863,2.543146857,68.006,2.684381849,16.43612,1.78439382,3.405,3.663774876,70.4,-0.086647727
Senegal,SEN,2021,59.798441,68,43.4,93.9,-2536.450125,6.544001099,4.258786284,2.180322781,67.093,2.645380545,16.87672,1.719719961,3.368,3.633785093,64.3,0.057542768
Senegal,SEN,2022,179.879335,67.9,43.4,96.6,-1052.98858,3.821856051,4.612688266,9.696818991,67.913,2.572170153,17.316449,1.622149085,2.968,3.567200426,68,-0.001470588
Serbia,SRB,2020,34.892348,100,100,100,-3369.290096,-0.903218502,20.06544677,1.575532901,74.47804878,-0.666107601,6.899126,-1.092272569,9.011,-0.336030935,99.8,0.002004008
Serbia,SRB,2021,26.069161,100,100,100,-4328.353622,7.725947777,22.57423047,4.085102853,72.7804878,-0.94368817,6.834326,-1.41546743,10.061,-0.58117636,100,0
Serbia,SRB,2022,42.124341,100,100,100,-4500.108361,2.54995557,25.05741952,11.98151173,75.48219512,-2.517057567,6.664449,-3.030493925,8.684,-2.125951872,100,0
Sierra Leone,SLE,2020,33.174798,26.3,4.7,55,-172.6991784,-1.968486891,1.587263503,13.44687111,59.763,2.29903034,8.23397,1.532826669,3.485,3.327071705,22.7,0.158590308
Sierra Leone,SLE,2021,34.756357,27.5,4.9,57,-212.2891928,4.104700089,1.623975624,11.87395888,60.062,2.241767371,8.420641,1.452010187,3.516,3.282380292,26.3,0.045627376
Sierra Leone,SLE,2022,91.164963,29.4,5,55.3,-293.9705728,3.457539856,1.759745883,27.20828838,60.411,2.174091242,8.605718,1.360231933,3.194,3.226821588,27.5,0.069090909
Solomon Islands,SLB,2020,8.909089,72.9,71.5,77.1,-5.653417728,-3.381147541,2.591312312,2.963549921,70.199,2.371387612,0.691191,1.762601444,0.852,4.253590165,69.4,0.050432277
Solomon Islands,SLB,2021,1.110271,76.3,75.4,79.2,-23.03011786,2.564349754,2.714193196,-0.115437894,70.348,2.3817423,0.707851,1.771891757,0.866,4.221232579,72.9,0.046639232
Solomon Islands,SLB,2022,4.941203,76,75.4,79,-38.36630018,2.402481436,2.907642816,5.518129286,70.742,2.293477357,0.724273,1.682614394,1.579,4.091801564,76.3,-0.003931848
Somalia,SOM,2020,6.649853,49.9,32.3,70.3,390.3375602,-2.56308758,1.562087791,121.8914294,55.967,3.418197348,16.537016,2.334201281,19.35,4.698557758,49.2,0.014227642
Somalia,SOM,2021,1.391523,49.3,30.6,70.6,553.3114443,3.310989234,1.461968792,30.16131504,55.28,3.146236588,17.065581,2.04474063,19.553,4.416818057,49.9,-0.012024048
Somalia,SOM,2022,7.490675,48.9,30.64,76.7,1075.189721,2.438065277,1.554603229,34.87949554,56.107,3.069384352,17.597511,1.949928802,19.128,4.330359821,49.3,-0.00811359
South Africa,ZAF,2020,13.675373,90,95.5,87.3,-5089.414843,-5.963358184,13.06267277,3.210035975,65.252,1.223179295,58.801927,-0.290760519,24.339,1.965304746,85,0.058823529
South Africa,ZAF,2021,72.479027,89.3,93.4,87.4,-40557.21185,4.703062065,14.17254425,4.611672178,62.341,0.998920419,59.392255,-0.522735593,28.77,1.728207354,90,-0.007777778
South Africa,ZAF,2022,106.286722,86.5,93.4,87.1,-6864.356333,1.91040617,15.33076927,7.039726613,61.48,0.841058244,59.893885,-0.688320301,28.838,1.557749124,89.3,-0.031354983
South Sudan,SSD,2020,4.891974,7.3,5.4,14.6,-332.59419,-1.05632143,3.099208014,29.67584355,55.48,1.506267728,10.606227,1.131034314,14.204,3.00264211,6.8,0.073529412
South Sudan,SSD,2021,1.506831,7.7,5.7,15.6,0,4.14660342,1.625841583,10.51671583,54.975,1.3303716,10.748272,0.934855402,13.868,2.877831901,7.3,0.054794521
South Sudan,SSD,2022,1.682519,8.4,1.7,15,0,2.638301426,3.127973167,-6.687320942,55.567,1.52247695,10.913164,1.103926177,12.395,3.127898076,7.7,0.090909091
Sri Lanka,LKA,2020,131.325339,100,100,100,-419.5328847,-4.624515816,12.94090451,6.153945084,76.393,0.53062656,21.919,0.373288828,5.365,1.21697057,99.8,0.002004008
Sri Lanka,LKA,2021,78.350484,100,100,100,-574.8492546,4.207485977,14.31613649,7.014780712,76.399,1.075449957,22.156,0.894440655,5.258,1.857951759,100,0
Sri Lanka,LKA,2022,202.315398,100,100,100,-869.0168982,-7.346764384,14.18230818,49.72110211,76.61,0.11277264,22.181,-0.09201903,6.33,0.989080403,100,0
Sudan,SDN,2020,0.158756,59.7,46.9,83.2,-716.9397106,-3.629800824,3.525555664,163.2577824,65.614,2.756778785,44.440486,2.268373772,12.368,3.66006344,57.6,0.036458333
Sudan,SDN,2021,8.8899462,61.8,49.4,84.2,-468.6265098,-1.868520483,3.420451904,359.0930408,65.267,2.70104594,45.657202,2.174542801,11.466,3.660879233,59.7,0.035175879
Sudan,SDN,2022,1.008708,63.2,49.4,84,-573.5044948,-0.957816591,3.532070313,138.8084602,65.578,2.630614261,46.874204,2.065416304,7.53,3.645312878,61.8,0.022653722
Suriname,SUR,2020,19.1133586,98.4,96.5,99.4,-0.348843395,-15.97519171,17.09350965,34.88978431,72.561,1.120467326,0.607065,0.961306085,8.726,1.202014633,97.9,0.005107252
Suriname,SUR,2021,0.401,98.8,97.5,99.5,124.0453495,-2.435385836,18.44733994,59.11966263,70.274,0.970459647,0.612985,0.763025735,8.459,1.076445724,98.4,0.004065041
Suriname,SUR,2022,10.6985,99,98,100,-3.35140363,2.433723709,20.06135383,52.44602728,70.289,0.821271447,0.61804,0.560549302,8.232,0.954014569,98.8,0.002024291
Syrian Arab Republic,SYR,2020,8.234192,89,75.4,100,23.06380038,-0.182330467,3.507092391,3.797035908,72.14,3.300177355,20.772595,1.842021396,15.176,4.486091992,89.2,-0.002242152
Syrian Arab Republic,SYR,2021,2.009712,88.8,74.5,100,-1352.316376,1.29973809,2.914530559,2.551128809,72.063,2.621583957,21.324367,1.153244738,14.796,3.784692803,89,-0.002247191
Syrian Arab Republic,SYR,2022,10.285194,89,75,100,-2492.241246,17.98113107,18.68208128,5.211959043,72.3,3.68690356,22.125249,2.205937955,13.813,4.829591849,88.8,0.002252252
Tajikistan,TJK,2020,35.07801,99.5,99.7,99,-36.19983127,4.400001116,3.732873708,7.932095449,67.994,2.184426969,9.543207,1.91303973,7.176,2.903235657,99.4,0.001006036
Tajikistan,TJK,2021,61.635435,99.6,99.8,98.9,-36.33764719,9.39999955,4.074560223,4.04324137,71.594,2.14442566,9.750064,1.840494206,7.253,2.941060564,99.5,0.001005025
Tajikistan,TJK,2022,166.226943,100,100,99,-162.0378195,8.000000338,4.614424214,6.613577033,71.288,2.057876336,9.952787,1.722487786,6.981,2.926889907,99.6,0.004016064
Tanzania,TZA,2020,47.901706,39.9,22,72.9,-943.7652617,1.991964606,3.251588379,3.290290628,66.408,3.013853284,61.704518,1.897723519,2.781,5.09920514,37.7,0.058355438
Tanzania,TZA,2021,88.407596,42.7,23.3,77.3,-1190.507399,4.321384295,3.451448242,3.690919588,66.201,3.007287233,63.588334,1.87855991,2.806,5.050037871,39.9,0.070175439
Tanzania,TZA,2022,169.063402,45.8,36,74.7,-1264.667981,4.566005764,3.751166748,4.350272043,66.782,2.958573452,65.497748,1.815381603,2.609,4.963154848,42.7,0.072599532
Thailand,THA,2020,3.827805,100,100,99.8,23543.52852,-6.050038469,19.20820045,-0.845937147,79.274,0.235182865,71.475664,-1.272846107,1.099,1.680538744,99.9,0.001001001
Thailand,THA,2021,0.310211,100,100,99.8,3980.422265,1.568181765,20.28093371,1.230395413,78.715,0.175345075,71.601103,-1.345319638,1.215,1.590521255,100,0
Thailand,THA,2022,1.963234,99.9,100,100,-3717.019036,2.462769341,22.21379937,6.077412284,79.68,0.133884528,71.69703,-1.395403859,0.94,1.51607961,100,-0.001
Timor-Leste,TLS,2020,0.423683,96,94.2,100,712.6961664,31.96191887,6.254998598,14.63544723,68.475,1.515821141,1.299995,0.974224061,2.792,2.713832585,90.6,0.059602649
Timor-Leste,TLS,2021,2.663841,100,100,100,419.0352332,5.315537431,6.970000221,30.41926867,67.737,1.598470014,1.320942,1.050866835,2.344,2.788886914,96,0.041666667
Timor-Leste,TLS,2022,4.270635,99.7,100,100,395.3834471,-20.54158677,5.83824159,32.74299065,69.056,1.52911923,1.341296,0.972788556,1.537,2.717630257,100,-0.003
Togo,TGO,2020,0.981315,54.1,24.3,94,-53.0561598,1.992155019,2.420165061,1.699284633,61.035,2.391219022,8.44258,1.430808329,2.211,3.689331238,52.5,0.03047619
Togo,TGO,2021,2.348333,55.7,24.7,96.3,-455.9537976,5.990876104,2.646828039,4.186215065,61.619,2.367338962,8.644829,1.387019242,2.285,3.662659531,54.1,0.029574861
Togo,TGO,2022,9.979639,57.2,25,96.5,-471.3666845,5.759542515,2.927335759,7.967573616,61.588,2.330910384,8.848699,1.331978155,2.065,3.621040501,55.7,0.026929982
Tonga,TON,2020,10.077868,99.9,99.8,100,-2.746117037,0.488645323,6.671587709,-0.349737697,70.928,0.288290202,0.105254,0.298191893,2.675,0.255333307,98.4,0.015243902
Tonga,TON,2021,3.992305,100,100,100,-3.862821262,-2.667506175,6.742461774,5.640511406,70.986,0.722298202,0.106017,0.716469482,2.111,0.741700288,99.9,0.001001001
Tonga,TON,2022,8.747005,100,100,100,-7.083523452,-2.011520563,7.016366131,10.97136529,71.27,0.790139167,0.106858,0.762513623,2.354,0.882029903,100,0
Tunisia,TUN,2020,10.728773,99.9,99.7,100,-592.1863261,-8.59182618,11.73416986,5.634151159,75.292,0.928583172,12.161723,-0.097924077,17.576,1.380955424,100,-0.001
Tunisia,TUN,2021,7.032342,99.9,99.7,100,-531.4096303,4.605186743,12.15905453,5.706350208,73.772,0.82886347,12.262946,-0.228249275,16.505,1.28779928,99.9,0
Tunisia,TUN,2022,260.672166,100,99.7,100,-631.7677452,2.603960589,13.25339062,8.306461244,74.263,0.756904882,12.356117,-0.331615162,15.301,1.222277564,99.9,0.001001001
Turkmenistan,TKM,2020,77.369743,100,100,100,2223.421516,5.9,11.98930244,9.883841135,68.687,1.483129015,6.250438,0.5023449,4.489,2.378293715,99.9,0.001001001
Turkmenistan,TKM,2021,118.441895,100,100,100,77.30180645,6.2,17.08464054,4.526585304,69.264,1.451977111,6.341855,0.431721112,4.452,2.365597605,100,0
Turkmenistan,TKM,2022,462.439109,100,100,100,509.5348265,6.2,16.77115218,8.316560175,69.41,1.392296984,6.43077,0.331408211,4.121,2.323835385,100,0
Tuvalu,TUV,2020,1.300712,99.4,98.4,100,-1.427622164,-4.274932069,4.804461748,1.178474077,64.382,1.0261157,0.011069,-1.173107176,6.3306,2.283856046,99.7,-0.003009027
Tuvalu,TUV,2021,0.797106,99.7,99.1,100,-0.915227712,1.804135911,5.053750446,3.931468352,64.547,1.212244899,0.011204,-0.95863499,4.9026,2.412107186,99.4,0.003018109
Tuvalu,TUV,2022,1.627126,100,99.1,100,0,0.677309361,5.394228753,17.33403831,64.854,0.959325176,0.011312,-1.147240116,5.5234,2.085823012,99.7,0.003009027
Uganda,UGA,2020,21.229597,42.1,32.8,70.1,-1191.155588,2.951306422,2.535215707,3.313322895,62.851,3.332808745,44.404611,2.545730033,3.914,5.737879423,41.3,0.01937046
Uganda,UGA,2021,47.079939,45.2,35.9,72.3,-1647.892932,3.536580341,2.688266835,2.204572048,62.705,3.211427904,45.853778,2.410049098,3.422,5.583485134,42.1,0.073634204
Uganda,UGA,2022,160.060781,47.1,35.9,72,-2952.578039,4.588021922,2.92066477,7.19578886,63.638,2.99862764,47.249585,2.181294792,2.93,5.342484502,45.2,0.042035398
Ukraine,UKR,2020,7.016261,100,100,100,58,-3.7528041,15.7168418,2.732492094,71.18512195,-0.601605747,44.207754,-1.044812892,9.475,-0.407476423,100,0
Ukraine,UKR,2021,3.018849,100,100,100,-7518,3.445625583,18.0403457,9.363139177,69.64780488,-0.81486093,43.848986,-1.306329017,9.834,-0.60103307,100,0
Ukraine,UKR,2022,799.725305,100,100,100,-187,-28.75859059,16.08022852,20.18363666,68.58792683,-14.31654345,38,-14.85364564,10.9868,-14.08457741,100,0
Uzbekistan,UZB,2020,158.571472,100,100,100,-1716.938024,1.995585082,7.516215664,12.86772974,70.331,1.922126527,34.23205,1.956420099,5.293,1.888410357,100,0
Uzbekistan,UZB,2021,18.752741,99.9,99.8,100,-2277.773116,7.403368136,8.162195817,10.84923975,70.862,1.975706066,34.9151,1.953519852,5.345,1.997521347,100,-0.001
Uzbekistan,UZB,2022,231.573943,100,100,100,-2650.373267,5.668817055,9.042343916,11.4466437,71.674,2.077644911,35.6481,1.998940162,4.535,2.154956438,99.9,0.001001001
Vanuatu,VUT,2020,6.265022,67.3,57.5,95.8,-39.69381037,-4.992491429,2.989923831,5.329350731,70.299,2.363729591,0.311685,2.187657334,4.046,2.879235982,64.5,0.043410853
Vanuatu,VUT,2021,0.171552,70,60.7,97,-42.83858767,-1.552294891,3.00658031,2.343283582,70.449,2.362741525,0.319137,2.174549899,4.734,2.909814188,67.3,0.040118871
Vanuatu,VUT,2022,0.171552,70,60.7,97,-9.20510698,1.916057012,3.203616623,6.679305819,70.492,2.354426992,0.32674,2.151373895,5.171,2.940220699,70,0
"Venezuela, RB",VEN,2020,0.064142,99.9,99.3,100,-1229.20288,-4.886962975,19.51701327,2.705759434,71.095,-1.674985598,28.490453,-2.007171579,7.53,-1.630797425,99.8,0.001002004
"Venezuela, RB",VEN,2021,0.057293,100,99.9,100,-5007.714178,6.480180827,21.90507686,5.682885604,70.554,-1.025178708,28.199867,-1.418423286,7.027,-0.973082845,99.9,0.001001001
"Venezuela, RB",VEN,2022,0.117293,100,100,100,-7382.29004,4.730043714,26.06717893,9.495531322,71.105,0.360447056,28.301696,-0.094536908,5.747,0.420433261,100,0
West Bank and Gaza,PSE,2020,21.683317,100,100,100,-138.848318,-11.31846611,5.956286201,-0.735332001,74.403,2.486549938,4.803269,1.295275268,25.895,2.850876512,100,0
West Bank and Gaza,PSE,2021,288.369753,100,100,100,-295.5226936,7.011982276,5.663121607,1.237481028,73.473,2.457038653,4.922749,1.229699623,26.39,2.82652486,100,0
West Bank and Gaza,PSE,2022,322.852851,100,100,100,-390.2251235,4.082760273,6.158160093,3.741223919,73.444,2.425537776,5.043612,1.165269423,24.42,2.798858505,100,0
"Yemen, Rep.",YEM,2020,16.424341,73.9,62.1,93.1,-1047.446915,-12.94248535,6.758218365,36.57235088,64.65,2.310447397,32.284046,1.292965415,17.972,3.999744035,72.8,0.01510989
"Yemen, Rep.",YEM,2021,9.567383,74.9,63.4,93.1,-1927.809325,30.85254307,8.934804077,76.22650751,63.753,2.137789701,32.981641,1.104967721,18.248,3.806804483,73.9,0.0135318
"Yemen, Rep.",YEM,2022,81.782617,76,65,96.1,-1469.07461,5.54912687,5.773093837,14.58074254,63.72,2.144628421,33.696614,1.09444825,17.515,3.796454801,74.9,0.014686248
Zambia,ZMB,2020,11.445295,44.6,14,82.6,-181.166849,-2.785055065,3.179265411,15.73306047,62.38,2.933818135,18.927715,1.932903338,6.032,4.189737992,43,0.037209302
Zambia,ZMB,2021,23.44688,46.7,14.5,85.7,-674.2993548,6.234922047,3.526507418,22.02076762,61.223,2.840805978,19.473125,1.818821162,5.195,4.094429904,44.6,0.047085202
Zambia,ZMB,2022,57.253652,47.8,14.5,87,-187.6433409,5.249622323,3.864894367,10.99320392,61.803,2.758032343,20.017675,1.714441806,5.993,4.009237559,46.7,0.023554604
Zimbabwe,ZWE,2020,0.42239,52.7,37.1,85.7,-153.86,-7.816950647,2.784872395,557.2018174,61.124,2.03111171,15.669666,1.983890973,8.621,2.130420915,46.7,0.128479657
Zimbabwe,ZWE,2021,2.356068,49,31.6,85.3,405.9035525,8.468016898,3.276267753,98.54610509,59.253,2.045714878,15.993524,1.955651308,9.54,2.234723527,52.7,-0.070208729
Zimbabwe,ZWE,2022,7.655996,50.1,33.7,89,-130.9237024,6.52237533,3.660835501,104.7051706,59.391,2.02403631,16.320537,1.888043327,10.087,2.308436635,49,0.02244898