country,year,electricity_aid,id,electricity_access,rural_electricity_access,urban_electricity_access,fdi,gdp,gdp_per_capita,inflation,life_expectancy,popu_growth,popu_total,rural_popu_growth,urban_popu_growth,unemployment
Albania,2019,9.625792,ALB,100.0,100.0,100.0,-1161.0563591812602,2.08771199649604,14.617784909370402,1.41109078954246,79.282,-0.426007367032238,2.854191,-2.74606661163753,11.466,1.07141354924368
Angola,2019,1.453325,AGO,45.6,,72.2,1749.05291230147,-0.702272957616017,7.53351185400503,17.080954143438,62.448,3.39527779197097,32.353588,1.45403334785745,16.497,4.40219114365749
Antigua and Barbuda,2019,5.728995,ATG,100.0,100.0,100.0,-141.18510823711298,3.10044514982847,26.316833216636002,1.43135598182984,78.691,0.534443400511753,0.092117,0.65786863536774,,0.15516594783013
Argentina,2019,49.176609,ARG,100.0,100.0,100.0,-5126.45968619073,-2.00086100285785,23.535012750940002,,77.284,0.993397493293046,44.938712,-0.506115918707072,9.843,1.12501972603644
Armenia,2019,87.484321,ARM,100.0,100.0,100.0,-233.28227529681502,7.59999999853918,15.7291496950576,1.44344660770698,75.439,-0.564065542556681,2.820602,-0.754200198113337,12.2,-0.453277999510481
Azerbaijan,2019,0.303426,AZE,100.0,100.0,100.0,927.801,2.50000006743734,16.6753179361558,2.61057182799215,73.102,0.846646726414021,10.024283,0.0515154868758554,5.0,1.47506479033467
Bangladesh,2019,1246.033454,BGD,92.2,88.9,97.8,-1884.98362506933,7.88191515117722,6.02508734934947,5.59199639930629,72.806,1.1131724900167,165.516222,-0.114188087127414,4.693,3.20139457166867
Belize,2019,0.012004,BLZ,92.7,87.8,98.5,-91.7916847309233,4.23623453555723,10.4363335268005,0.187069385181424,73.931,1.82301611890652,0.389095,1.56126452714175,9.053,2.13283729183047
Benin,2019,83.809204,BEN,40.0,16.9,65.2,-191.058357410859,6.86568662848335,3.26076853616447,0.732849371240975,60.454,2.88707408493347,12.290444,1.83963166520767,1.402,4.04076753423389
Bhutan,2019,39.993238,BTN,100.0,100.0,100.0,-13.0113772857268,5.75514851246506,12.8647780099884,2.7264303738882,71.391,0.701252583573764,0.767459,-0.519287432098595,2.72,2.43936953003751
Bolivia,2019,27.213739,BOL,95.1,84.9,99.5,264.951155795393,2.21670563961031,9.09192768943853,1.83954504969026,67.841,1.45750439141779,11.777315,0.312798303641208,3.682,1.957510150086
Bosnia and Herzegovina,2019,63.319806,BIH,100.0,100.0,100.0,-425.945182441337,2.88734334414875,16.3540001369123,,77.241,-1.16608133465016,3.360711,-1.90495937820982,15.692,-0.379470010298639
Botswana,2019,0.174826,BWA,70.1,27.9,88.0,-113.402014692137,3.0322025744566,14.8898073026521,2.77286442863321,65.464,1.95085634796209,2.499702,-0.454030747546001,20.094,2.99088168271581
Brazil,2019,8.600299,BRA,99.8,98.5,100.0,-46354.80725147,1.22077782360842,15.7414785048749,3.73297621216894,75.338,0.766107802084815,211.782878,-1.15073982289135,11.936,1.06023755345792
Burkina Faso,2019,48.793078,BFA,17.6,,64.6,-146.535904034235,5.8892049704591,2.23326155474138,-3.2333893398333,60.039,2.70387556725288,20.951639,1.81948545977237,4.701,4.80040438074702
Burundi,2019,22.615485,BDI,9.8,2.0,60.8,-29.5416767226275,1.81256532401552,0.804165344064637,-0.686772170797359,62.351,3.26424857025887,11.874838,2.87945570377826,1.053,5.79490607932596
Cabo Verde,2019,5.531621,CPV,91.4,87.3,93.5,-106.930455641583,6.94782632492097,7.70292356295124,1.10666674296063,76.004,1.01513458042928,0.57703,-0.345441164380625,12.118,1.71717136911241
Cambodia,2019,47.730149,KHM,84.0,80.0,96.9,-3561.1954515502603,7.05410693152042,4.6209633915234,1.94257500833107,70.692,1.13244216195679,16.207746,0.586656509518905,0.12,2.89969209242329
Cameroon,2019,68.797571,CMR,63.2,23.6,93.1,-898.870738367898,3.47505998194981,4.19567017521265,2.45280214062732,61.584,2.7748797807221,25.782341,1.40394894259125,3.646,3.82304687846584
Central African Republic,2019,7.548917,CAF,14.3,1.5,32.1,,3.09999999999999,0.934815543219503,2.68537355266787,55.025,2.22336107125156,5.209324,1.52854009565711,5.978,3.20011244517151
China,2019,115.359301,CHN,100.0,100.0,100.0,-50259.822364755,5.95050075367413,17.2621759037355,2.89923416358227,77.968,0.354740890170827,1407.745,-2.51607966103332,4.56,2.29017723362897
Colombia,2019,47.175842,COL,99.4,97.1,100.0,-10835.657539674401,3.18685539245533,16.0914990479231,3.52301932741447,76.752,1.83074694246543,50.187406,0.120229422110513,10.28,2.23350946308688
Comoros,2019,20.47465,COM,83.3,77.6,97.3,-4.3008039663215,1.76078023923176,3.29428830809778,,64.068,1.87244791212477,0.790986,1.59192825014175,5.1,2.55709345911319
"Congo, Rep.",2019,15.403097,COG,47.7,11.4,65.3,1850.22465120702,1.12447707363883,5.7667549235887,2.20607305781525,62.747,2.355238072353,5.570733,0.964270795838519,20.608,3.03586515001206
Costa Rica,2019,142.56733,CRI,99.7,98.9,99.9,-2695.14288544097,2.41751181706449,22.949528659334398,2.09604635327807,79.427,0.865128346659953,5.084532,-2.76236401478319,10.807,1.7885179241658
Cuba,2019,1.061898,CUB,99.8,99.5,99.9,,-0.163087223606624,,,77.611,-0.101983052203958,11.316697,-0.416040478294339,1.2,-0.0085600686828805
"Congo, Dem. Rep.",2019,44.871382,COD,19.1,1.0,41.2,-1350.9942262053498,4.38452887429834,1.20679811331271,,60.276,3.18628838899818,89.90689,2.1255866286668,4.642,4.4957174248484
Djibouti,2019,20.340381,DJI,64.7,40.3,71.6,-174.99901531051498,5.5451305999467,5.47196329378911,3.31925372703827,63.085,1.57623975223144,1.073994,0.953552094942014,26.246,1.753448510633
Dominica,2019,2.152094,DMA,99.9,,,-62.985652685379605,5.5024834367041,14.4515379197565,1.50462353858141,73.559,0.850614263332306,0.071428,-0.181940105728063,,1.27988689680026
Dominican Republic,2019,429.138626,DOM,99.0,96.3,99.6,-3021.0,5.05216802016253,19.7434004485754,1.81060377042959,73.577,1.07497482890671,10.881882,-2.99045432452372,6.356,2.00068230103502
Ecuador,2019,346.489794,ECU,99.1,97.8,99.8,-979.383496243027,0.165403532646692,12.5403251223126,0.266012515466155,77.297,1.90968326333656,17.34374,1.45258162406827,3.812,2.16788118361711
"Egypt, Arab Rep.",2019,741.455035,EGY,100.0,100.0,100.0,-8605.068,5.55209307084222,13.608499714576,9.15279959324804,71.358,1.79400212546566,105.618671,1.74861315552105,7.851,1.85486820738962
El Salvador,2019,0.149721,SLV,97.4,93.6,98.8,-635.763348397767,2.43747159065784,9.666802078868661,0.0753241350024612,72.559,0.0617207329334854,6.280217,-2.5565322059521,4.17,1.0605646741483
Eswatini,2019,4.983496,SWZ,77.0,72.9,90.0,-107.061228338337,2.69216827271678,9.08343786086594,2.59801620311077,60.549,0.788402227821078,1.169613,0.549233189192247,29.049,1.55036294653323
Ethiopia,2019,225.258148,ETH,48.0,36.0,92.7,-2548.74342735754,8.3640856990789,2.27421413875756,15.8096321719344,65.838,2.656010133459,114.120594,2.07124259751805,2.945,4.85672830311995
Fiji,2019,6.254264,FJI,96.1,94.8,97.1,-358.452458527073,-0.580504494558028,13.1683711793691,1.77310182460282,67.893,-0.0577971466911964,0.918465,-1.21180242198866,4.38,0.830716449747723
"Gambia, The",2019,14.849177,GMB,62.1,,78.6,-72.71,6.22205315994859,2.37149204095162,7.11567625631192,63.755,2.58268676641821,2.508883,0.861298799898913,4.532,3.65572123165183
Georgia,2019,9.832424,GEO,100.0,100.0,100.0,-1072.55855151,5.38071926589951,16.770133377146898,4.85289821696723,73.47,-0.171565740223868,3.720161,-1.16031306212636,11.565,0.520212544414782
Ghana,2019,21.083005,GHA,83.5,70.0,93.8,-3292.06542138183,6.5077747939152,5.95240365708652,7.14364003330857,64.74,2.08893118401294,31.52229,0.605517789049731,3.156,3.23644464618774
Grenada,2019,0.237373,GRD,93.0,,,-184.171297314197,0.676511738873756,15.542491564403502,0.598149764736022,74.863,0.724563813014991,0.122724,0.529217301738562,,1.06685684406121
Guatemala,2019,NA,GTM,95.4,93.5,97.2,-796.28707,4.0178979343828,11.0796273122238,3.69998398008605,73.129,1.56038604781094,16.604026,0.770696070143371,2.193,2.3116594096001
Guinea,2019,50.663063,GIN,42.2,17.0,86.0,-43.38,5.61691446969918,3.14364688288845,9.47001039253012,59.72,2.5376470778001,12.877539,1.97231757418576,5.018,3.52884694344595
Guinea-Bissau,2019,26.804057,GNB,30.9,14.3,52.3,-71.26886004982009,4.50009293739862,2.0898636163449402,0.24660026814783,60.882,2.33629046990663,1.970457,1.59728982732548,3.219,3.29347428824414
Guyana,2019,18.848887,GUY,91.6,89.8,96.7,-1684.979887,5.35284003535665,13.3887060787131,2.08723089162013,69.124,1.67134809737405,0.798753,1.55825315394353,13.525,1.98266449596713
Haiti,2019,7.564376,HTI,45.4,1.2,79.9,-75.0,-1.72309699839232,3.22094295667871,18.7037825672506,64.255,1.33513859245585,11.160438,-0.729766620904861,14.133,2.97507466071833
Honduras,2019,278.015273,HND,91.1,80.3,99.0,-495.60988292325595,2.55963434592314,5.7761036875632294,4.36587159819267,72.881,1.68069668453135,9.958829,0.191960203140517,5.551,2.78498123315846
India,2019,761.874944,IND,95.9,93.8,99.8,-37469.9453220152,3.87143694070957,7.1815226543495605,3.72950573539129,70.91,1.02531077187097,1383.11205,0.353054652520403,6.51,2.31580198477658
Indonesia,2019,378.211015,IDN,98.9,97.5,99.9,-20531.0705656307,5.01928768046282,12.115702065383902,3.03058664969487,70.518,0.937689273635294,269.582878,-0.550668037963445,3.59,2.12358021200536
"Iran, Islamic Rep.",2019,0.494505,IRN,100.0,100.0,100.0,,-3.0705879849703,13.4235763123467,39.9073455697784,76.103,1.0995932626289,86.564202,-0.883936476687356,10.74,1.7556649983965
Iraq,2019,325.94299,IRQ,100.0,100.0,100.0,3269.8,5.51379057418826,12.139156775110699,-0.198965380023928,71.576,2.36838831392184,41.56352,1.67168433056997,14.142,2.65885876706813
Jamaica,2019,0.219285,JAM,98.9,97.6,100.0,-219.424709942522,0.892291653822227,10.1175641663477,3.90510000865872,71.767,0.0688992221522009,2.813773,-0.635209970822189,4.987,0.625966781060589
Jordan,2019,68.343891,JOR,99.9,98.9,100.0,-686.338028169014,1.75123905880616,9.40542015951739,0.761514047265601,76.044,2.25750975365016,10.698683,-0.256904648905115,16.801,2.50341485571992
Kazakhstan,2019,28.059394,KAZ,100.0,100.0,100.0,-5904.4270736018,4.50000000091883,29.7676280009312,5.33356098916669,73.18,1.28960848954226,18.513673,1.02618561917409,4.8,1.48443981983212
Kenya,2019,382.799132,KEN,69.7,61.7,90.8,-432.713366576298,5.11415885767801,4.71050373969069,5.23963795764792,62.943,1.97845694844255,50.95145,1.32261847450592,5.014,3.72777071252016
Kiribati,2019,1.101004,KIR,89.3,90.1,88.6,0.671045879190715,3.31125827814569,2.7518200827286,-1.81307995302947,67.15,1.60651238884126,0.124241,-0.101529180546267,,3.03557084610476
Kosovo,2019,14.29852,XKX,,,,-211.14287016968598,4.75680057007834,10.8611321032283,2.67599202639893,79.022,-0.457730006092952,1.788878,,,
Kyrgyz Republic,2019,63.9075,KGZ,99.9,99.9,99.8,-336.6598,4.60062565707598,5.41432715295984,1.13362257718804,71.6,2.08787614010317,6.4562,1.71009823734265,4.252,2.74593080864618
Lao PDR,2019,3.125974,LAO,98.4,97.6,99.9,-755.5241242493679,5.4577350924848,7.77068624748182,3.32255881256925,68.138,1.49540481526456,7.212053,0.504294757873511,2.528,3.31005992428687
Lebanon,2019,1.544476,LBN,100.0,99.6,100.0,-1567.35139833485,-6.91492472851026,21.758103252500202,3.00538949390383,79.236,-2.87986589552119,5.781907,-4.33687716515322,11.301,-2.69379833027295
Lesotho,2019,2.620642,LSO,44.6,32.6,74.4,-35.732593408811304,-1.41799383085205,2.54953527670624,5.18708359197982,54.173,1.25167812193172,2.225702,0.648597562535389,16.876,2.77446532513445
Liberia,2019,76.674466,LBR,23.1,8.3,37.0,-86.68170045967621,-2.46729763532686,1.92178608911742,,61.104,1.94236198013985,4.985289,0.98793629602106,3.072,2.84540933936628
Libya,2019,NA,LBY,68.5,,100.0,-268.5,-5.99478394324689,17.8352800156724,-2.16217883470595,72.463,1.39951441440416,6.569088,-0.0737305190811808,19.037,1.76213968464873
Madagascar,2019,44.318652,MDG,31.0,13.0,60.7,-372.69319544408603,4.41123212909589,1.65249342031181,5.61051441492365,65.882,2.52531662828285,27.533134,1.45285903975562,2.46,4.31079477041505
Malawi,2019,34.366221,MWI,11.2,4.1,45.5,-31.9727464317237,5.44818133617287,1.4655504688045702,9.3708360560567,64.119,2.68285756018368,18.867337,2.39712480215653,4.949,4.07245795804194
Malaysia,2019,3.865348,MYS,100.0,100.0,100.0,-1626.97069477508,4.41318742129586,29.4954035170304,0.662891865764326,75.76,1.24151463105699,32.80402,-1.1700738588815,3.26,1.9896693934595
Maldives,2019,26.841183,MDV,100.0,100.0,100.0,-961.037565723003,7.29833574515027,22.309797480574,0.220029731065383,80.116,2.96723053964137,0.504508,2.2503083557517,4.562,4.04158863107441
Mali,2019,19.465116,MLI,47.9,15.2,90.9,-858.067844246565,4.75616080770808,2.43755803624467,-1.65826694846365,59.664,3.12666991376831,20.567424,1.76429648534537,2.414,4.95145558813573
Marshall Islands,2019,1.673864,MHL,96.8,100.0,95.4,-5.16492015605116,10.3578294514594,5.9404005104961595,,64.746,-2.78025337337267,0.044728,-4.4722899993978,,-2.28122892581952
Mauritania,2019,136.299887,MRT,44.9,,85.5,883.561115825519,3.14100486953089,5.7174490402670095,2.30009262117937,65.687,2.6146547551014,4.383849,0.795850235666996,10.416,4.15842105201785
Mauritius,2019,NA,MUS,100.0,100.0,100.0,-3545.22380182835,2.89128499346516,24.0271189308354,0.405655190309553,74.2358536585366,0.0322330642925213,1.265985,0.0779080137911839,6.331,-0.034096699343667
Mexico,2019,100.21057,MEX,99.6,98.3,99.9,-23861.929848,-0.251335754924085,21.0957136967365,3.63596142127046,74.202,0.860265089734684,125.085311,-0.601693315554462,3.477,1.21892136003758
Moldova,2019,11.729814,MDA,100.0,100.0,100.0,-479.58,3.5523140853476,13.4132232935126,4.83778351428728,70.935,-1.60031653578231,2.664224,-1.76948401904295,1.502,-1.37309834532039
Mongolia,2019,2.233911,MNG,98.9,96.9,99.9,-2316.36943721563,5.60224422064255,13.7533132529533,7.30106953550723,71.822,2.13999709629328,3.23243,1.82902971623647,9.269,2.28303638358528
Morocco,2019,182.357841,MAR,99.6,98.9,100.0,-827.6871746530401,2.89097476137077,8.0244052734375,0.303386036590383,74.27,1.04358412669917,36.304408,-0.407762830096461,9.21,1.90610808199994
Mozambique,2019,246.686128,MOZ,29.7,5.2,72.3,-3410.21532603788,2.3178139469445,1.3703986794574101,2.80270307928106,61.166,2.88656653514774,30.285595,2.03939593100137,3.632,4.37592130542686
Myanmar,2019,129.807376,MMR,68.3,57.5,92.6,-1735.5894129337598,6.57911006765414,6.05541690613211,8.82506696804558,66.61,0.70799909760206,53.040212,0.31397047427888,0.407,1.59680837351835
Namibia,2019,0.08249,NAM,53.3,31.2,74.5,185.463746220911,-0.839154686169735,10.410130531286901,3.72239414422695,63.075,1.68846817343864,2.446644,-0.353515392554128,19.945,3.68705282894688
Nauru,2019,5.126355,NRU,100.0,100.0,100.0,,8.5470085470084,10.083167010356599,,63.484,1.72934140105098,0.012132,,,1.72934140105096
Nepal,2019,180.065101,NPL,89.9,,94.2,-185.56326563442502,6.65705543110468,4.198840644998859,5.56868547784929,69.558,1.13635160669166,28.832496,0.62044534530054,10.578,3.20696476089714
Nicaragua,2019,82.646967,NIC,85.7,65.2,100.0,-443.9,-2.89648807769926,5.81931518544463,5.37628990844126,74.054,1.38548472522896,6.663924,0.810017448107606,5.47,1.79135634531167
Niger,2019,29.137804,NER,18.5,9.7,62.7,-685.12007961937,5.93985257123522,1.38916425492127,-2.48979265070846,62.897,3.76544488542259,23.443393,3.65530580410993,0.544,4.32399204685123
Nigeria,2019,34.559005,NGA,55.4,25.5,83.9,-2019.78096580481,2.20842927714881,5.525443784174731,11.3964223378115,52.91,2.44820069834557,203.304492,0.797385079246609,5.206,4.0501895683177
North Macedonia,2019,0.494689,MKD,100.0,100.0,100.0,-403.968143516289,3.91041953840173,20.2218115696501,0.766439573459716,76.6024390243903,-0.679308688552216,1.876262,-1.26384008737693,17.414,-0.257511735352737
Pakistan,2019,151.631314,PAK,93.9,90.7,99.3,-2319.0,2.49763692943365,5.20690716506548,10.5783618004555,66.756,1.6079813474837,223.29328,1.22673303764448,4.83,2.26311562302006
Palau,2019,0.179035,PLW,100.0,100.0,100.0,-44.712,0.909470287297864,18.8848678181437,0.26737967914444,,0.290665380719677,0.017916,-2.42812606660327,,0.961813938160846
Panama,2019,200.614901,PAN,93.9,,99.6,-3302.8903364400003,3.28187497706709,33.2294960261777,-0.355083821021245,77.81,1.60228973055272,4.232532,0.512512639630891,6.332,2.11786043713359
Papua New Guinea,2019,3.591042,PNG,23.6,17.1,66.0,879.648073758363,4.48043062171888,4.08925558659817,3.92867290939597,65.474,2.26018781066996,9.542486,2.16686557833347,2.599,2.87334569635217
Paraguay,2019,33.427791,PRY,99.7,99.4,99.9,-534.1255922542,-0.40185510068001,14.1171650851672,2.75709727562775,73.621,1.33657480808218,6.530026,0.568314849252249,6.595,1.81282175775756
Peru,2019,0.452508,PER,95.6,82.9,99.1,-5275.633308601659,2.24063176875049,13.4083532412789,2.25212191358027,76.156,1.90972560807882,32.824861,1.03688133549117,3.379,2.15586797421009
Philippines,2019,13.600254,PHL,95.3,93.0,97.8,-5320.42916828775,6.11852566118505,8.9583710638251,2.39206534422404,71.865,1.65518369204871,110.380804,1.19833841734261,2.237,2.16977115658954
Rwanda,2019,264.845065,RWA,46.6,38.3,86.4,-257.74002596343297,9.44739158975898,2.32531490871321,3.34787655037648,66.437,2.39079436618151,12.835028,2.26751280270871,11.236,2.98169349983544
Samoa,2019,4.804992,WSM,99.2,99.0,99.9,6.495440456410851,4.45185891688691,6.57342921554874,0.982326569888117,72.157,1.04553544180183,0.211905,1.27389519448402,9.601,0.0156825845220625
Sao Tome and Principe,2019,0.109035,STP,75.1,68.2,77.6,-23.252893064860398,2.01431934293439,4.62930024792066,7.72024525213248,68.523,1.52840326719874,0.214599,-1.43864681948994,13.998,2.61459509896556
Senegal,2019,91.755209,SEN,70.4,47.8,95.2,-994.398334396799,4.61362809749708,3.72823453254079,1.76011151192938,68.526,2.69763115886709,16.000781,1.82082598531652,2.863,3.66974973175095
Serbia,2019,41.778713,SRB,99.8,99.7,99.9,-3972.92942903214,4.33173490608283,19.6882529700518,1.84922984511086,75.9365853658537,-0.536610017822353,6.945235,-0.919962816840368,10.395,-0.237549080779022
Sierra Leone,2019,73.937785,SLE,22.7,1.5,51.4,-342.4,5.25374631307365,1.62365098400926,14.8049990906021,60.255,2.33284062492806,8.046828,1.58974399487685,3.204,3.34774527713255
Solomon Islands,2019,18.122219,SLB,69.4,67.6,75.0,-28.739378634486602,1.74856655451832,2.71055895164371,1.63485544012247,70.382,2.36010120913781,0.674993,1.75363696325415,0.746,4.28278376332073
Somalia,2019,8.522766,SOM,49.2,,69.9,,3.63039688238011,1.69024112436661,,57.078,3.63316490449428,15.9813,2.56807512777064,18.828,4.92122036199492
South Africa,2019,67.76468,ZAF,85.0,80.4,87.3,-1975.16048606064,0.25993557687633,13.706713815854,4.12024587014984,66.175,1.29507386292128,58.087055,-0.205197759627254,25.538,2.04726576560918
South Sudan,2019,14.264071,SSD,6.8,5.1,13.6,2.21,,,87.2413641500033,55.912,0.502203354157719,10.447666,0.148281309587117,12.642,1.93967992599927
Sri Lanka,2019,202.668843,LKA,99.8,99.7,100.0,-666.103447719643,-0.220483886072614,14.1129525046152,3.52839358231811,76.008,0.611875945764341,21.803,0.478079857786287,4.67,1.2001131645543
Sudan,2019,0.158756,SDN,57.6,44.4,82.2,-825.354992310273,-2.17825104530091,4.12392333984375,50.9940515002965,65.876,2.89358996893094,43.232093,2.44274499138362,12.014,3.73868977213874
Suriname,2019,2.149567,SUR,97.9,95.4,99.2,7.7846763542593,1.16758977233877,19.9516088069919,,72.242,1.10317898471941,0.600301,0.999912044027111,7.545,1.15619360483396
Syrian Arab Republic,2019,28.080532,SYR,89.2,76.2,100.0,,1.22070522070523,3.54665887524285,,71.822,3.87953676012686,20.098251,2.43142972129865,13.393,5.08891498522441
Tajikistan,2019,60.603707,TJK,99.4,99.6,99.1,-189.597101359297,7.40000016310556,3.53147913236689,,70.867,2.26242493497438,9.337003,2.02196632447936,6.898,2.90530909497279
Tanzania,2019,92.43248,TZA,37.7,19.0,73.2,-1217.23525241974,5.79999999996723,2.947126953125,3.4642805799902,66.989,3.02174626028,59.872579,1.92246632707404,2.518,5.14263088058471
Thailand,2019,3.827805,THA,99.9,99.9,99.9,4644.83601916265,2.11455779628278,20.0234457125017,0.706728601314311,78.975,0.252691237274251,71.307763,-1.24292222350736,0.716,1.72925235944288
Timor-Leste,2019,0.429683,TLS,90.6,86.5,100.0,238.994863059712,23.4120167614743,4.61702641040167,0.958812739702808,68.268,1.46272712419968,1.280438,0.929798498145076,3.129,2.66220728193258
Togo,2019,1.386899,TGO,52.5,23.9,91.6,-302.854863636732,4.92292591685973,2.27381527752488,0.674652770077436,60.901,2.41162991553907,8.243094,1.47065503931507,2.056,3.71241466988763
Tonga,2019,18.641353,TON,98.4,97.9,100.0,7.57727356676025,0.706483433860413,6.57152864022299,1.17954334821808,70.871,-0.18943275806294,0.104951,-0.15848648753466,2.164,-0.292343691213997
Tunisia,2019,36.656575,TUN,100.0,100.0,100.0,-809.966779857975,1.58784665466504,12.3140859431414,6.72007532863799,75.993,0.969662162376028,12.049314,-0.0303353843530793,17.153,1.41684656173721
Turkmenistan,2019,78.000642,TKM,99.9,99.9,99.9,,6.30000004226711,17.1000947873695,,69.002,1.52748266915759,6.15842,0.58312252747979,4.055,2.40548949351414
Tuvalu,2019,1.452314,TUV,99.7,99.5,99.8,-3.4322615591464603,13.8220984406966,5.00469469231536,,64.278,0.834063769243882,0.010956,-1.40448286235486,,2.16003727953707
Uganda,2019,54.3319,UGA,41.3,31.8,70.8,-1302.6815173078999,6.43874503276439,2.4442482873117903,2.867588034469,62.991,3.39509056427404,42.94908,2.62203284133043,3.185,5.83418165218129
Ukraine,2019,21.524369,UKR,100.0,100.0,100.0,-5175.0,3.19950386354134,14.380861328125,7.88671745611133,71.8273170731707,-0.484656962511515,44.474512,-0.880244614421599,8.194,-0.310336425263829
Uzbekistan,2019,405.051654,UZB,100.0,100.0,100.0,-2313.13081686861,5.98156194197318,7.51369754045368,14.5257359560685,71.344,1.87647016682647,33.58035,1.96729613525707,4.945,1.78728410777758
Vanuatu,2019,6.455623,VUT,64.5,54.3,94.5,-51.496551787323,3.24118765540442,3.1803133381474598,2.76252019386111,69.877,2.36207637358082,0.304404,2.20147206145118,5.445,2.83542240269294
"Venezuela, RB",2019,0.20947,VEN,99.8,98.7,100.0,,,,,72.161,-2.90499574537726,28.971683,-3.17673266840715,5.887,-2.8687247520784
West Bank and Gaza,2019,76.458871,PSE,100.0,100.0,100.0,-188.356868506145,1.36268746558062,6.50844835080318,1.58018333639455,75.241,2.51178246264674,4.685306,1.34706676269918,25.34,2.87351814806851
"Yemen, Rep.",2019,35.000036,YEM,72.8,60.7,93.1,,,,,65.092,2.42620792944992,31.546691,1.42528934074975,17.303,4.13361280897488
Zambia,2019,54.272733,ZMB,43.0,14.2,79.5,148.24562687564702,1.44130602603785,3.38578657047215,9.15031644316296,62.793,3.00761810683645,18.380477,2.02724261984112,5.539,4.2657281847367
Zimbabwe,2019,2.657204,ZWE,46.7,28.3,85.4,-247.09626527,-6.33244640703352,2.7115293341042896,255.304990757856,61.292,1.98925274777043,15.354608,1.98778043311765,7.373,1.99235149035129
Albania,2020,3.404894,ALB,100.0,100.0,100.0,-1019.64759246953,-3.30208203862541,14.436485044282302,1.62088661717011,76.989,-0.574206959244013,2.837849,-2.87800331245244,12.79,0.85761092300088
Angola,2020,1.296603,AGO,47.0,,73.6,1956.98258207454,-5.63821471714934,6.4551199821330005,22.271539247051,62.261,3.26834840458456,33.428486,1.33390053620736,16.676,4.24277826050856
Antigua and Barbuda,2020,5.230476,ATG,100.0,100.0,100.0,-105.382780400703,-18.8803992026325,22.1594122861666,0.625989707046719,78.841,0.592053942582792,0.092664,0.687849322249346,,0.296362043740651
Argentina,2020,44.390219,ARG,100.0,100.0,100.0,-3706.9507673516,-9.9004848136464,22.3021504890016,,75.892,0.970053991438048,45.376763,-0.539581529777376,11.461,1.10041505272326
Armenia,2020,37.123983,ARM,100.0,100.0,100.0,-85.8616192381023,-7.19999999920631,15.5234653938859,1.21143577838465,72.173,-0.533006606500067,2.805608,-0.788976478650537,12.18,-0.384383433550361
Azerbaijan,2020,0.290804,AZE,100.0,100.0,100.0,318.1262,-4.30000010230737,15.1635703327282,2.75980947008127,66.868,0.684365325388407,10.093121,-0.151513099172427,7.24,1.33544321101787
Bangladesh,2020,731.188689,BGD,96.2,95.2,97.8,-1520.50455852071,3.44801755122445,6.59604459830619,5.69107474746211,71.968,1.14420974001656,167.420951,-0.0967835771610243,5.828,3.18709422690114
Belize,2020,0.012004,BLZ,96.8,95.5,98.3,-71.7746216693632,-13.7316910831405,9.54067114968834,0.121434644614894,72.854,1.48622151575632,0.394921,1.19210835247199,10.7,1.83224455910038
Benin,2020,63.75467,BEN,41.0,17.4,66.1,-152.49326334981998,3.84879240030133,3.35417997077466,3.02272119663769,60.088,2.82913811282206,12.643123,1.76090216971847,1.565,3.98001560643625
Bhutan,2020,16.073132,BTN,100.0,100.0,100.0,2.78696089013149,-10.2183974208569,12.434674518468,5.62936522632514,71.609,0.655471789302584,0.772506,-0.557673009862884,5.03,2.33326226370416
Bolivia,2020,7.949531,BOL,97.2,90.9,99.9,1018.3584169867299,-8.7378843576993,8.2107029098091,0.940742153381849,64.467,1.33973922043111,11.936162,0.175074868296808,7.903,1.84011335020015
Bosnia and Herzegovina,2020,37.465537,BIH,100.0,100.0,100.0,-400.099031048574,-3.01509514759861,16.2752381823462,,76.225,-1.26677102311527,3.318407,-2.0366644972685,15.868,-0.459756543144389
Botswana,2020,0.026111,BWA,71.8,26.2,90.6,-100.018095555262,-8.72875252639037,14.2082701553477,1.8903591682421,65.647,1.85098576387245,2.546402,-0.540883513375847,21.017,2.85062112917371
Brazil,2020,6.076827,BRA,99.7,98.7,99.9,-41737.36980901,-3.2767587964736,15.7590782300803,3.21176803803376,74.009,0.665176682246802,213.196304,-1.24270864747937,13.697,0.951553410794994
Burkina Faso,2020,24.104447,BFA,18.5,,66.1,91.63897326226079,2.01077262411845,2.3758628519407696,1.88443993781991,59.731,2.68878766730686,21.522626,1.78929430096791,4.985,4.75861629956921
Burundi,2020,9.695822,BDI,9.1,0.9,60.5,-20.090711279057498,0.327156892638385,0.812055172967895,7.32110643415521,61.566,2.86708219532744,12.220227,2.4715355686932,1.03,5.39363293751375
Cabo Verde,2020,1.894315,CPV,93.7,92.7,94.3,-63.6600020635432,-20.8052759150896,6.0532701548484,0.605795808395385,74.808,0.96752416855618,0.58264,-0.39346266641081,14.66,1.65548382538021
Cambodia,2020,29.404687,KHM,86.4,82.9,97.3,-3497.6320989228,-3.09600673131888,4.5042471603280605,2.9402951426397,70.416,1.16005769739725,16.39686,0.598078766772526,0.172,2.93789622895568
Cameroon,2020,25.734872,CMR,64.3,24.2,93.9,-590.771937991006,0.259932915907115,4.31921887053939,2.43760882182236,60.833,2.71185365793296,26.491087,1.32657947605185,3.866,3.74567345098871
Central African Republic,2020,6.693219,CAF,15.4,1.9,33.9,,0.899999996857062,1.0031486767262001,1.71015659523153,54.604,2.5340939316943,5.34302,1.79636148936317,6.556,3.55354059851639
China,2020,75.281407,CHN,100.0,100.0,100.0,-99374.80772047,2.23863835634639,17.891480286997098,2.41942189457782,78.077,0.238040870229883,1411.1,-2.62426219856902,5.0,2.07814005779212
Colombia,2020,3.650608,COL,99.7,98.5,100.0,-5725.176361389889,-7.18591413760859,15.427593780784001,2.52663500084706,74.769,1.47010203160178,50.930662,-0.243267277498724,15.983,1.86510951561423
Comoros,2020,9.093181,COM,85.6,80.1,99.0,-3.87584608058854,-0.195556827149787,3.2453995876989903,,64.166,1.90094081397491,0.806166,1.5954418426991,5.884,2.63909998058231
"Congo, Rep.",2020,5.118048,COG,48.7,11.8,66.2,1001.98058236323,-6.26777799581888,4.81331562649405,1.79537147083108,63.785,2.33208625068898,5.702174,0.924593574297047,22.373,3.00664383166712
Costa Rica,2020,34.426173,CRI,99.9,99.7,99.9,-1644.26563948233,-4.27335432054194,21.7168702432685,0.724911478131376,79.277,0.755771068349343,5.123105,-2.7947473025753,16.432,1.61994452252788
Cuba,2020,NA,CUB,99.9,99.7,100.0,,-10.9490846048862,,,77.567,-0.141475202325743,11.300698,-0.513494255471822,1.4,-0.0313014822965019
"Congo, Dem. Rep.",2020,16.060561,COD,20.1,1.0,42.8,-1498.0848078648,1.73542276681493,1.17438586818797,,59.739,3.22447844328183,92.853164,2.14136995689874,5.369,4.53012895376137
Djibouti,2020,4.447854,DJI,64.5,35.8,72.6,-158.230011,1.31636324158444,5.67630593432082,1.7774078380617,62.694,1.49363957876332,1.090156,0.825448163330255,27.645,1.68222950291856
Dominica,2020,2.0,DMA,100.0,100.0,100.0,-23.2236535629025,-16.6041095231221,12.743863886864299,-0.727116412668203,73.649,0.790672282535559,0.071995,-0.254312653558001,,1.21878412991142
Dominican Republic,2020,6.608446,DOM,100.0,100.0,100.0,-2559.6,-6.72023937283404,19.085353617949,3.78103179915517,72.889,1.07655224672892,10.999664,-2.92042529129966,6.126,1.94291455508593
Ecuador,2020,322.461687,ECU,98.9,97.4,99.7,-1095.10390076402,-9.24509637743429,11.498928866031399,-0.338872392562139,72.153,1.40190462603926,17.588595,0.900836062909096,6.127,1.68282668762884
"Egypt, Arab Rep.",2020,323.884269,EGY,100.0,100.0,100.0,-5525.3,3.550164838581,15.4940788227574,5.04493288977539,70.99,1.73312957205986,107.465134,1.64054289270437,7.974,1.85708700356092
El Salvador,2020,0.109742,SLV,99.7,100.0,99.1,-2.7754283578769,-7.893101359867,9.306030301819758,-0.371590212324095,71.061,0.199062369975812,6.292731,-2.39535526200043,5.008,1.15397614072029
Eswatini,2020,4.983496,SWZ,80.0,76.1,92.3,-51.0966265318602,-1.55964258999499,9.077231980209081,,59.692,0.939644435809807,1.180655,0.689419438841423,34.232,1.72873614079781
Ethiopia,2020,115.779399,ETH,51.1,39.4,93.5,-2395.7998806598403,6.05953088643369,2.44225248371938,20.3563468559061,65.371,2.65485915620519,117.190911,2.05643625275659,4.024,4.84506762097121
Fiji,2020,5.187903,FJI,97.1,96.9,97.3,-225.91656247164602,-17.0398708371883,11.168639896774101,-2.5952432588738,67.924,0.212846220439299,0.920422,-0.942916448576566,4.623,1.0847862837335
"Gambia, The",2020,9.347576,GMB,62.2,31.0,80.9,-193.06,0.591487287873974,2.47351976795401,5.93127636562441,62.612,2.56215324974841,2.573995,0.837228934935897,5.858,3.60788588884481
Georgia,2020,0.102945,GEO,100.0,100.0,100.0,-572.39673408,-6.2904717853839,16.7912598654465,5.2024648897534,72.765,0.0686562494680967,3.722716,-0.947171275453113,11.73,0.767418223605685
Ghana,2020,10.545926,GHA,85.4,73.1,94.6,-1333.36895717555,0.513941670628171,5.9923175903230605,9.88728956269944,64.114,2.06626880077022,32.180401,0.572246226686589,3.285,3.19204250092223
Grenada,2020,0.028106,GRD,93.4,,,-163.935542863276,-13.7566222572107,13.5108144166129,-0.740732597045498,74.924,0.762219229220411,0.123663,0.540448621856959,,1.14859359562981
Guatemala,2020,NA,GTM,96.6,95.8,97.4,-782.62048,-1.79185769458479,11.2707823303107,3.21444062197345,71.797,1.51998785357799,16.858333,0.699106193921193,2.953,2.28880632653613
Guinea,2020,19.014572,GIN,44.7,19.3,88.3,-173.99,4.92026637152216,3.3950948789629,10.6016203387167,59.327,2.51225012110646,13.205153,1.91995355590985,5.993,3.53439642480521
Guinea-Bissau,2020,14.747409,GNB,33.4,15.1,56.4,-20.675433222375602,1.50000000000006,2.08384042104391,1.14000939393213,59.999,2.27645335668636,2.015828,1.52844992335258,3.614,3.22898253093823
Guyana,2020,5.078887,GUY,92.3,90.5,97.2,-1280.9221876308802,43.479651716849,17.0362899236041,0.99333702283873,68.486,-0.194366443701065,0.797202,-0.326880128082807,15.701,0.168729739738744
Haiti,2020,3.234876,HTI,46.3,,80.9,-25.0,-3.30550546965893,3.08590305009457,22.7963113642528,64.052,1.30291995864045,11.306801,-0.763589980754575,15.56,2.88488586699456
Honduras,2020,274.162118,HND,93.1,83.4,100.0,-373.02785489224,-8.96508223267296,5.38356890052537,3.46841177951184,71.462,1.622836376932,10.121763,0.123593387367522,10.679,2.70650360040474
India,2020,277.941853,IND,96.5,95.2,99.0,-53239.69739082421,-5.77772470687434,6.99735839326271,6.62343677628535,70.15,0.95522085775158,1396.387127,0.259976035283438,7.859,2.26363455707273
Indonesia,2020,162.534427,IDN,97.0,93.5,99.6,-14142.4739581743,-2.06551182934165,11.8569433255703,1.9209680056685,68.808,0.840389268128048,271.85797,-0.66123019904242,4.255,2.00532025898625
"Iran, Islamic Rep.",2020,NA,IRN,100.0,100.0,100.0,,3.33028845926594,14.1803533093139,30.5941390387295,74.832,0.83517614833256,87.290193,-1.14703472423358,9.687,1.4737918949687
Iraq,2020,226.604228,IRQ,100.0,100.0,100.0,3006.3,-12.0367930920856,10.4645116333559,0.574162679425795,69.123,2.36211183923937,42.556984,1.62617265197731,15.776,2.66584655966464
Jamaica,2020,0.219285,JAM,99.7,99.3,100.0,-258.407890561314,-9.92032245054413,9.024006603303489,5.2267777929352,71.869,0.236519557799568,2.820436,-0.506901553360882,6.501,0.817135661019578
Jordan,2020,25.96171,JOR,99.9,98.8,100.0,-733.9436619718309,-1.10275188309046,9.5235481711861,0.333294350628378,75.184,2.12736281777905,10.928721,-0.346981241825131,19.213,2.36282014143186
Kazakhstan,2020,12.48889,KAZ,100.0,100.0,100.0,-5875.4417392,-2.49999999628,30.1646035184117,6.71815454861464,71.37,1.29863532544565,18.755666,0.9896288308931,4.89,1.52604715065736
Kenya,2020,152.468218,KEN,71.5,62.7,94.1,-568.7838878699761,-0.272766327438816,4.81392013999517,5.40516207933392,62.675,2.00970011079671,51.98578,1.33425501311879,5.621,3.76824236257626
Kiribati,2020,0.390567,KIR,91.0,94.3,88.4,-2.51222996596855,-0.641025641025635,2.72161334410307,2.5532455441463,67.266,1.77265475198411,0.126463,0.0783824748423209,,3.14688549699749
Kosovo,2020,7.276604,XKX,,,,-326.127457964062,-5.34027547826166,10.5326113748788,0.198227922994854,76.567,0.0701311089258031,1.790133,,,
Kyrgyz Republic,2020,32.328113,KGZ,99.9,99.9,99.8,582.4052,-7.14897757727955,5.294015746933249,6.32542296338078,71.8,1.89786382312175,6.5799,1.4790615268107,4.63,2.61948405362361
Lao PDR,2020,1.978482,LAO,99.3,99.0,99.9,-967.706086202045,0.503031829018681,7.9427225987312005,5.10407262959919,68.497,1.47745666003059,7.319399,0.470138668005659,2.314,3.27080555228933
Lebanon,2020,0.502349,LBN,100.0,99.8,100.0,-1577.9812657599,-21.3998996914321,16.3730479861557,84.8643330472041,77.804,-2.07933690590844,5.662923,-3.57593980137421,13.235,-1.89136685837283
Lesotho,2020,0.649836,LSO,47.5,35.2,77.5,-28.0016669222279,-7.4587170594629,2.53779208168464,4.97809676252309,54.693,1.26784087310275,2.2541,0.645605539740393,18.351,2.80568283118098
Liberia,2020,43.671271,LBR,27.6,8.1,45.4,-737.967946557703,-2.98249127649473,1.67970544875837,,60.948,2.03116860337744,5.087584,1.04668432190049,4.092,2.94532597356756
Libya,2020,NA,LBY,69.4,,100.0,350.4,-58.318230419936,16.2618790227937,1.44703656998741,72.472,1.28344509210842,6.653942,-0.248055658672783,19.535,1.65343089803982
Madagascar,2020,22.488832,MDG,32.0,6.7,72.4,-239.373734585702,-7.13767162064489,1.52878241137715,4.20179312190557,65.182,2.48242289292055,28.225177,1.39345851670093,3.246,4.24436528898325
Malawi,2020,16.404017,MWI,11.5,3.5,49.6,-406.085655520131,0.799998330902724,1.56096134713407,8.62551469650552,63.717,2.66577178304392,19.377061,2.3598443720492,5.681,4.12818495888563
Malaysia,2020,3.865348,MYS,100.0,100.0,100.0,-762.778047379011,-5.45684658426701,28.0453873552765,-1.1387021539305,75.938,1.19985962233223,33.199993,-1.19248522664929,4.54,1.9191327677536
Maldives,2020,15.096642,MDV,100.0,100.0,100.0,-440.711709435094,-32.9088287752921,13.103850514990299,-1.36977425569811,79.875,1.94913457153784,0.514438,1.22528213050591,5.404,3.01463075583261
Mali,2020,14.197095,MLI,50.6,16.8,93.9,-535.696816085695,-1.235450447077,2.35128960633963,0.438088940320668,58.633,3.14260365885334,21.22404,1.77389318271929,3.528,4.9187463291942
Marshall Islands,2020,0.206999,MHL,98.3,100.0,95.7,-3.04506111336896,-2.84598166138942,6.02468032040802,,64.977,-2.9840768300379,0.043413,-4.67133202245929,,-2.49720578752511
Mauritania,2020,38.134846,MRT,45.4,,87.5,-927.916265774285,-0.360657378942108,5.87029980470235,2.3856948845632,64.532,2.58400208033153,4.498604,0.765087691756019,11.01,4.07718908380149
Mauritius,2020,NA,MUS,99.5,99.5,99.4,12733.7032430342,-14.5465381490166,21.326224396378,2.5808007718283,74.1770731707317,0.0022906802096937,1.266014,0.0124009838272699,8.627,-0.0124016827692205
Mexico,2020,100.21057,MEX,99.4,97.7,99.8,-26490.316481,-8.62455573080136,19.473088490687402,3.39683415570006,70.133,0.727243815691995,125.998302,-0.751209475255459,4.441,1.08337822735758
Moldova,2020,5.22584,MDA,100.0,100.0,100.0,-151.93,-8.27597831976949,13.5274413130967,3.76597122245351,70.166,-1.09803165876287,2.63513,-1.31305213017426,1.206,-0.81052095293669
Mongolia,2020,1.654215,MNG,99.5,98.5,100.0,-1693.14872613642,-4.55775197583431,13.829802562999799,3.79604026111247,72.141,1.8970150281402,3.294335,1.53386804917798,6.594,2.06323668876952
Morocco,2020,143.109441,MAR,100.0,100.0,100.0,-959.416206844704,-7.17820744246774,7.68183544921875,0.705968661338261,73.92,1.05316017914606,36.688772,-0.411330731171842,11.203,1.90358401884694
Mozambique,2020,116.777004,MOZ,30.6,4.6,74.8,-3034.56205616946,-1.21952250306097,1.3937567814137402,3.48393567493209,61.172,2.90481965930954,31.178239,2.0408774945038,3.877,4.38850066348129
Myanmar,2020,125.885717,MMR,70.4,60.1,93.1,,-9.04834717984643,5.69728803845981,,66.797,0.71947282559554,53.423198,0.300652558233791,1.476,1.65184363551406
Namibia,2020,0.046698,NAM,52.3,,74.7,201.566885790511,-8.1014007457625,10.2547984119687,2.20938236933469,62.829,1.72031062423917,2.489098,-0.324612894766243,20.966,3.64321603442097
Nauru,2020,0.616207,NRU,100.0,100.0,100.0,,1.57480314960559,10.223009565965,,63.437,1.49714417461665,0.012315,,,1.49714417461665
Nepal,2020,96.908551,NPL,89.9,,94.2,-126.626337460302,-2.3696206292072,4.18043698458006,5.05236655289212,69.246,1.77426805557613,29.348627,1.24309912372177,13.157,3.85147725709416
Nicaragua,2020,59.611004,NIC,86.0,65.9,100.0,-707.0,-1.75538036103812,6.07555881396054,3.68181341625572,71.795,1.37069568464204,6.755895,0.757764475964152,6.167,1.79864136609595
Niger,2020,15.991809,NER,18.7,9.7,63.8,-345.66154917030605,3.55064109436891,1.4589399342981901,2.8981937602627,61.451,3.72710072523223,24.333639,3.5964478899742,0.62,4.38486905627171
Nigeria,2020,21.756924,NGA,55.4,24.6,83.9,-911.9452286146291,-1.79425308274458,5.4993846905701105,13.2460234276597,52.887,2.44060888477318,208.327405,0.787064592457904,5.712,3.99424522376446
North Macedonia,2020,0.494689,MKD,100.0,100.0,100.0,-172.914480256971,-4.68845000956652,19.9613898708919,1.20007348888487,74.3951219512195,-1.07910572041332,1.856124,-1.73678254616161,16.575,-0.609562818962546
Pakistan,2020,56.603159,PAK,94.5,91.5,99.6,-2102.0,-1.27408744338709,5.22143854530392,9.73999313898155,66.269,1.73302782045863,227.196741,1.32326925171531,6.162,2.42965020601275
Palau,2020,0.179035,PLW,100.0,100.0,100.0,-43.1,-7.56802122871169,17.6310702344982,0.218181818181833,,0.312082286285984,0.017972,-2.37142402523962,,0.952651136781979
Panama,2020,200.483081,PAN,95.3,85.6,99.8,-78.09031777,-17.6683327218533,27.0226390129774,-1.5502754080376,76.657,1.4510521369147,4.294396,0.333414749663889,14.183,1.97129843201184
Papua New Guinea,2020,1.898547,PNG,20.5,13.6,65.2,883.766223195306,-3.16738117629639,3.92678132071762,4.87167398565555,65.787,2.14763227357632,9.74964,2.03806283043897,2.814,2.86205135535462
Paraguay,2020,32.366665,PRY,99.7,99.4,99.9,-158.62412879526002,-0.819785390971916,14.2765455735658,1.76751592356698,73.182,1.34872957032065,6.618695,0.548085092101774,7.548,1.83880014219971
Peru,2020,0.408052,PER,96.2,86.1,99.0,1216.82586806815,-10.9333065010382,12.3874513459058,2.00241205759292,73.665,1.45140240084226,33.304756,0.54321722713648,7.179,1.70460743989757
Philippines,2020,0.583407,PHL,96.4,94.7,98.2,-3260.1020165143,-9.5182947406494,8.23031161428208,2.3931623931624,72.119,1.62663290469171,112.190977,1.13537139661854,2.522,2.17445181998971
Rwanda,2020,92.416442,RWA,45.2,34.9,93.9,-152.61412095,-3.37369377003786,2.27090333174194,9.85039902274207,66.774,2.3967070500013,13.146362,2.25268180733995,11.829,3.08172595605391
Samoa,2020,0.611674,WSM,100.0,100.0,100.0,-2.8909919449668497,-3.10844401053139,6.362414203561,-1.56891247740895,72.768,1.41696799990075,0.214929,1.6206088097961,10.214,0.487545124991399
Sao Tome and Principe,2020,0.109035,STP,76.8,71.0,78.8,-46.2587376092751,2.62485949543812,5.1161589034439805,9.81932791540146,67.785,1.86599449843616,0.218641,-1.03787822568366,15.183,2.8874830209953
Senegal,2020,43.020742,SEN,64.3,38.6,92.0,-1746.47853165597,1.3420737726679,3.83354386276069,2.54314685681652,68.006,2.68438184925041,16.43612,1.7843938200375,3.405,3.66377487641204
Serbia,2020,34.892348,SRB,100.0,100.0,100.0,-3369.29009619691,-0.903218501520755,20.0654467718426,1.57553290083415,74.4780487804878,-0.666107601320794,6.899126,-1.09227256864913,9.011,-0.336030935281168
Sierra Leone,2020,33.174798,SLE,26.3,4.7,55.0,-172.6991784246,-1.96848689118619,1.58726350295927,13.4468711101052,59.763,2.29903034010859,8.23397,1.53282666910261,3.485,3.32707170509827
Solomon Islands,2020,8.909089,SLB,72.9,71.5,77.1,-5.65341772760131,-3.3811475409836,2.59131231172789,2.96354992076065,70.199,2.3713876123354,0.691191,1.7626014442941,0.852,4.25359016492773
Somalia,2020,6.649853,SOM,49.9,32.3,70.3,,-2.56308758042714,1.56208779126869,,55.967,3.41819734760827,16.537016,2.33420128068775,19.35,4.69855775761897
South Africa,2020,13.675373,ZAF,90.0,95.5,87.3,-5089.41484271078,-5.96335818439407,13.062672772759,3.21003597454107,65.252,1.22317929511453,58.801927,-0.290760519112594,24.339,1.96530474552946
South Sudan,2020,4.891974,SSD,7.3,5.4,14.6,,,,29.6758435538571,55.48,1.50626772829854,10.606227,1.13103431389962,14.204,3.00264210991181
Sri Lanka,2020,131.325339,LKA,100.0,100.0,100.0,-419.53288471803097,-4.62451581633715,12.940904505772199,6.15394508391738,76.393,0.530626559530355,21.919,0.373288827791506,5.365,1.21697057013045
Sudan,2020,0.158756,SDN,59.7,46.9,83.2,-716.93971059488,-3.62980082410752,3.5255556640625,163.257782355458,65.614,2.75677878454575,44.440486,2.26837377195059,12.368,3.66006344029144
Suriname,2020,NA,SUR,98.4,96.5,99.4,-0.34884339549919996,-15.9751917148622,17.093509653862398,34.889784309078,72.561,1.12046732560236,0.607065,0.961306085112985,8.726,1.20201463277301
Syrian Arab Republic,2020,8.234192,SYR,89.0,75.4,100.0,,-0.182330467026262,3.5070923907656604,,72.14,3.30017735470972,20.772595,1.84202139579592,15.176,4.48609199241886
Tajikistan,2020,35.07801,TJK,99.5,99.7,99.0,-36.1998312679167,4.40000111553493,3.73287370815427,,67.994,2.18442696878278,9.543207,1.91303973030713,7.176,2.90323565731314
Tanzania,2020,47.901706,TZA,39.9,22.0,72.9,-943.7652616920001,1.99196460647855,3.25158837890625,3.29029062798325,66.408,3.01385328385348,61.704518,1.89772351941525,2.781,5.0992051402632
Thailand,2020,3.827805,THA,100.0,100.0,99.8,23543.528522045,-6.05003846851622,19.2082004462923,-0.845937147357041,79.274,0.235182865291138,71.475664,-1.27284610728699,1.099,1.68053874355918
Timor-Leste,2020,0.423683,TLS,96.0,94.2,100.0,712.69616642672,31.9619188685361,6.25499859781323,,68.475,1.51582114075127,1.299995,0.974224061044022,2.792,2.71383258476001
Togo,2020,0.981315,TGO,54.1,24.3,94.0,-53.0561598038024,1.99215501870344,2.42016506099481,1.69928463299408,61.035,2.39121902175851,8.44258,1.43080832883291,2.211,3.68933123789014
Tonga,2020,10.077868,TON,99.9,99.8,100.0,-2.74611703709542,0.488645323313833,6.671587709055331,-0.349737696727496,70.928,0.28829020228429,0.105254,0.298191892623495,2.675,0.255333307322834
Tunisia,2020,10.728773,TUN,99.9,99.7,100.0,-592.186326121913,-8.5918261797364,11.7341698616814,5.63415115897625,75.292,0.928583172377061,12.161723,-0.0979240769725173,17.576,1.38095542388519
Turkmenistan,2020,77.369743,TKM,100.0,100.0,100.0,,5.89999999999999,,,68.687,1.4831290153972,6.250438,0.502344899805271,4.489,2.3782937147859
Tuvalu,2020,1.300712,TUV,99.4,98.4,100.0,-1.4276221642976898,-4.27493206901397,4.804461747539389,,64.382,1.02611570026552,0.011069,-1.17310717590844,,2.28385604630501
Uganda,2020,21.229597,UGA,42.1,32.8,70.1,-1191.15558775098,2.95130642218098,2.5352157066355296,3.31332289544502,62.851,3.33280874526165,44.404611,2.54573003303503,3.914,5.73787942305387
Ukraine,2020,7.016261,UKR,100.0,100.0,100.0,58.0,-3.75280409994949,15.716841796875,2.73249209419427,71.1851219512195,-0.601605747337822,44.207754,-1.04481289169748,9.475,-0.407476423462474
Uzbekistan,2020,158.571472,UZB,100.0,100.0,100.0,-1716.93802448459,1.99558508201379,7.51621566377009,12.8677297362606,70.331,1.92212652692564,34.23205,1.95642009904719,5.293,1.88841035704427
Vanuatu,2020,6.265022,VUT,67.3,57.5,95.8,-39.6938103731565,-4.99249142889525,2.98992383139182,5.32935073101715,70.299,2.36372959142916,0.311685,2.18765733405677,4.046,2.87923598159914
"Venezuela, RB",2020,0.064142,VEN,99.9,99.3,100.0,,,,,71.095,-1.67498559751263,28.490453,-2.00717157914417,7.53,-1.6307974245852
West Bank and Gaza,2020,21.683317,PSE,100.0,100.0,100.0,-138.848318032442,-11.3184661065134,5.95628620064819,-0.735332001092191,74.403,2.48654993848325,4.803269,1.2952752682179,25.895,2.8508765124279
"Yemen, Rep.",2020,16.424341,YEM,73.9,62.1,93.1,,,,,64.65,2.31044739697631,32.284046,1.29296541480667,17.972,3.99974403498889
Zambia,2020,11.445295,ZMB,44.6,14.0,82.6,-181.166849039795,-2.78505506545167,3.1792654110827696,15.7330604721369,62.38,2.9338181351684,18.927715,1.93290333786957,6.032,4.18973799229941
Zimbabwe,2020,0.42239,ZWE,52.7,37.1,85.7,-153.86,-7.81695064681365,2.7848723945688096,557.201817362051,61.124,2.03111171035477,15.669666,1.98389097289518,8.621,2.13042091541727
Albania,2021,3.907389,ALB,100.0,100.0,100.0,-1168.64488254546,8.90852781831182,16.261804554188,2.04147163139549,76.463,-0.926918061639398,2.811666,-3.21480421093383,12.473,0.443404480033808
Angola,2021,0.996663,AGO,48.2,,75.0,3297.7459643654297,1.19921052145153,7.414278957832019,25.7542948841891,61.643,3.16602986153025,34.503774,1.23338356642193,15.799,4.11178584659054
Antigua and Barbuda,2021,NA,ATG,100.0,100.0,100.0,-305.309835535283,8.1917184618173,25.4931295548691,2.06299638545334,78.497,0.597151594527623,0.093219,0.66754686919631,,0.37912230210342
Argentina,2021,NA,ARG,100.0,100.0,100.0,-5114.18794151842,10.7180099337095,26.086802355227398,,75.39,0.947490959333989,45.808747,-0.559558889997761,8.736,1.07551503856124
Armenia,2021,41.36121,ARM,100.0,100.0,99.9,-341.851473713828,5.80000000065645,16.8990709181676,7.18483629443371,72.043,-0.522963242641951,2.790974,-0.845109531280743,10.012,-0.336768058503091
Azerbaijan,2021,NA,AZE,100.0,100.0,100.0,1784.653,5.61645102853028,20.1113756952109,6.65029912708779,69.366,0.441197735816311,10.13775,-0.431819745575445,6.04,1.11098025254736
Bangladesh,2021,597.815758,BGD,99.0,98.5,99.7,-1640.67206880331,6.93867912442445,7.36648997079065,5.54565430773473,72.381,1.14931847631384,169.356251,-0.102356944360828,5.815,3.1436030611842
Belize,2021,0.00547,BLZ,97.7,97.1,98.4,-123.958318848436,17.8624478393742,11.559890598468801,3.23563659237071,70.47,1.28562992065572,0.400031,0.958986927913049,10.157,1.66734180682864
Benin,2021,109.636092,BEN,42.0,18.0,67.0,-303.083098261966,7.1554516457574,3.5753114866873403,1.73353962694036,59.821,2.75970517933377,12.996895,1.67406840863543,1.694,3.90360091217683
Bhutan,2021,16.95264,BTN,100.0,100.0,100.0,-6.7831124876863305,4.42136738945015,13.4234288725475,7.3468144053353,71.815,0.642586172837449,0.777486,-0.564185595623015,4.804,2.26451020895601
Bolivia,2021,41.09496,BOL,98.6,95.1,100.0,-492.246694996084,6.11137269714146,9.342971844273059,0.737383721452275,63.63,1.19348671867883,12.079472,0.0083279227587118,5.089,1.69420595110603
Bosnia and Herzegovina,2021,26.334628,BIH,100.0,100.0,100.0,-649.577334192364,7.38996234012757,18.3964690929752,,75.3,-1.44065259604193,3.270943,-2.23828629516841,14.897,-0.617820533475667
Botswana,2021,0.032309,BWA,73.7,25.0,93.1,286.13572177231003,11.9206365085117,16.6638685441919,7.24097765588442,61.141,1.6367427551677,2.588423,-0.736399587755352,23.106,2.59576280118226
Brazil,2021,2.530125,BRA,99.5,97.3,99.8,-30201.17340034,4.76260437908608,17.6729168034655,8.30165975585673,72.75,0.528590452919416,214.326223,-1.37697157377692,13.159,0.808423004096535
Burkina Faso,2021,16.374243,BFA,19.0,,67.6,36.8380545021799,6.93915524675779,2.4677406001305497,3.65353287214209,59.27,2.65037591522147,22.100683,1.7339956727991,5.11,4.69743109075788
Burundi,2021,2.784934,BDI,10.2,1.6,62.8,-21.2434310730124,3.09999999870627,0.864280732749477,8.40453845076341,61.663,2.67247846179476,12.551213,2.26605234871054,1.11,5.19369105477939
Cabo Verde,2021,1.687065,CPV,95.5,96.9,94.9,-92.0935591720276,7.03353010325927,6.7536916298187295,1.86215297494647,74.052,0.90298888332359,0.587925,-0.455489999943911,13.906,1.57581340878324
Cambodia,2021,35.769327,KHM,82.5,77.1,98.9,-3391.0439806020004,3.0263893638939,4.66823777959985,2.92073477592949,69.584,1.16513584860257,16.589023,0.588033611714482,0.396,2.94841235644415
Cameroon,2021,51.508338,CMR,65.4,24.8,94.7,-908.709842789489,3.33885747179505,4.74176177028658,2.27185762503637,60.333,2.63581940586039,27.198628,1.24065129423803,3.951,3.65217621911604
Central African Republic,2021,11.683398,CAF,15.7,1.6,34.7,,0.982919996264229,1.05719439503026,4.25936417542868,53.895,2.11363722558977,5.457154,1.33208598899798,6.676,3.17437224700531
China,2021,45.31842,CHN,100.0,100.0,100.0,-165277.23707960002,8.44846941687277,20.4067296584605,0.981015135544882,78.211,0.0892522000412526,1412.36,-2.7613220504546,4.55,1.83853028231533
Colombia,2021,33.048426,COL,100.0,100.0,100.0,-6380.5215029899,10.8011981904878,17.5872317932888,3.49505757399448,72.83,1.14382091580962,51.516562,-0.56654804825315,13.898,1.52993301358678
Comoros,2021,4.398487,COM,87.9,82.9,100.0,-4.0247721820532,2.11219557695527,3.4267577343715603,,63.417,1.89944099480128,0.821625,1.56900339807155,5.857,2.68926569684252
"Congo, Rep.",2021,3.629748,COG,49.7,12.4,67.0,330.178307970194,1.01507337977299,6.32371757921482,1.7156427545126,63.519,2.31648825280279,5.835806,0.895271038550992,22.077,2.98356781909268
Costa Rica,2021,5.37352,CRI,100.0,100.0,99.8,-3146.18028314447,7.9357622471191,23.7002961313917,1.72647755109241,77.023,0.600406861056438,5.153957,-2.8598529653445,15.139,1.406834717935
Cuba,2021,NA,CUB,100.0,100.0,100.0,,1.25369342501311,,,73.683,-0.393012541562472,11.256372,-0.823640912848267,1.373,-0.266142848880682
"Congo, Dem. Rep.",2021,33.12533,COD,20.8,1.0,43.8,-1677.67378973561,6.20015401075946,1.3582047169909,,59.193,3.22252815991252,95.894118,2.11826082175546,5.273,4.5221655167406
Djibouti,2021,3.866693,DJI,65.4,36.6,73.5,-166.75013082303198,4.52234774643702,6.03227795593735,1.18191775339802,62.305,1.40284750995694,1.105557,0.693780244827467,27.548,1.60121667943987
Dominica,2021,0.3795,DMA,100.0,100.0,100.0,-26.008317068960498,6.8905494167316,14.4722858615339,1.4831944499819,72.814,0.577535935346367,0.072412,-0.48643147422818,,1.00700695444124
Dominican Republic,2021,20.765575,DOM,98.1,94.8,98.8,-3196.8,12.2719902347896,21.9233019358073,8.24300347981809,72.615,1.06892666709415,11.117873,-2.86185147289687,7.702,1.88098279420173
Ecuador,2021,47.615739,ECU,100.0,100.0,100.0,-648.567150926887,9.818417748417,13.4520087723253,0.133251386096389,73.67,1.18206337539033,17.797737,0.636395805334694,4.552,1.48550489674713
"Egypt, Arab Rep.",2021,442.656678,EGY,100.0,100.0,100.0,-4755.3,3.29064601202211,15.8206713809388,5.21404940513043,70.221,1.65838367949689,109.262178,1.52021654119656,7.441,1.84286736299705
El Salvador,2021,0.215998,SLV,97.9,94.1,99.2,-373.371287640001,11.9047617015957,10.7097595787161,3.46692585313082,70.748,0.340068122361035,6.314167,-2.23073142786438,4.327,1.2535901422302
Eswatini,2021,0.404104,SWZ,82.9,79.1,94.6,-54.3211690760213,10.6836938787079,10.2025096087228,,57.066,0.9790522575795,1.192271,0.7175302973868,35.707,1.795086062599
Ethiopia,2021,101.580705,ETH,54.2,42.8,94.3,-4259.44579528263,5.64153071734657,2.62834346412648,26.8395221557722,64.975,2.60431928274974,120.283026,1.99073009330936,3.935,4.78818035456334
Fiji,2021,0.84414,FJI,92.1,86.8,96.0,-377.691869441547,-4.88103619598493,10.5939127333652,0.155855722131516,67.114,0.45397664568484,0.92461,-0.705902085579731,4.678,1.31150162606102
"Gambia, The",2021,25.318156,GMB,63.7,31.2,82.6,-251.82262880736602,5.25596879353259,2.7105524630967004,7.37034758876618,62.083,2.52879318000917,2.639916,0.80360506809956,6.206,3.54624816576109
Georgia,2021,104.565998,GEO,100.0,100.0,99.9,-930.7419995800001,10.6442336580969,18.9156534005263,9.56691433824769,71.694,-0.379636607027231,3.70861,-1.41840576768285,11.794,0.322666414327491
Ghana,2021,37.449768,GHA,86.3,74.0,95.2,-2413.88487134057,5.07646643533542,6.5442381999688,9.9710886750444,63.795,2.00774487031161,32.833031,0.505341525051446,3.338,3.11064063324169
Grenada,2021,NA,GRD,93.7,,,-161.59270423353698,4.68747816934534,14.3255548482263,1.21951193916838,74.936,0.762873605069601,0.12461,0.515995705320596,,1.19024142657107
Guatemala,2021,0.122147,GTM,97.9,98.1,97.6,-2985.58877,8.0024080363912,12.1064225430833,4.26105127422813,69.237,1.4803168061015,17.109746,0.627500193342305,2.174,2.2662551121632
Guinea,2021,18.860626,GIN,46.8,21.3,89.8,-200.73,3.90000000048747,3.7350898272933,12.5972882566934,58.892,2.44431721949133,13.531906,1.82617631294094,5.767,3.4937015726281
Guinea-Bissau,2021,21.184122,GNB,35.8,15.8,60.5,-17.582976810828203,6.39995262427662,2.27802339468524,2.24248879577659,59.652,2.20258924567144,2.060721,1.44526260663416,3.628,3.15070635828884
Guyana,2021,7.138379,GUY,92.9,91.2,97.5,-2234.05711522896,20.0075297334354,23.176133200621702,5.03285574626702,65.673,0.919614738982755,0.804567,0.768035889363347,14.927,1.33275453140369
Haiti,2021,4.387973,HTI,47.2,,81.8,-51.299,-1.79823988931486,3.11496354203089,16.8415240198785,63.192,1.23729899666313,11.447569,-0.825205317605596,15.253,2.76011280334554
Honduras,2021,44.291045,HND,94.1,85.7,100.0,-512.674750203519,12.5652843771279,6.20994034964984,4.48087963413445,70.123,1.5351396675707,10.278345,0.0277317330255393,7.94,2.59699909152842
India,2021,401.641684,IND,99.6,99.3,100.0,-27488.543123438,9.68959249191211,8.0879938026769,5.13140747176369,67.24,0.797216093898126,1407.563842,0.0769840697542702,6.38,2.125468465055
Indonesia,2021,322.380941,IDN,99.2,98.2,99.9,-17286.354128014198,3.70288562827751,12.8971031444698,1.56012990525673,67.57,0.694717688319757,273.753191,-0.813402953748083,3.827,1.83401585381079
"Iran, Islamic Rep.",2021,NA,IRN,100.0,100.0,100.0,,4.71977773157164,15.0423741124724,43.3890162681514,73.875,0.722822505475776,87.923432,-1.24873570415182,9.282,1.34166951354559
Iraq,2021,152.828693,IRQ,100.0,100.0,100.0,2771.9,1.50218070952037,12.596526485820899,6.04186489058044,70.378,2.26888921028968,43.533592,1.48941867836192,16.173,2.58717038649472
Jamaica,2021,2.480583,JAM,100.0,100.0,100.0,-264.325079,4.60142450033383,9.610989337098221,5.86278242801063,70.5,0.257040921915097,2.827695,-0.526533487609158,5.188,0.86077664867006
Jordan,2021,8.008392,JOR,99.9,98.8,100.0,-605.915492957747,3.65564191030398,9.11501951145213,1.34609377243118,74.256,1.98907685592122,11.148278,-0.464451050246052,19.837,2.21634439310486
Kazakhstan,2021,0.06582,KAZ,100.0,100.0,100.0,-1901.4416017186602,4.29999999729456,33.8938954572043,8.04147134028396,70.23,2.29640758923114,19.191356,1.9414089070489,5.556,2.55616769642818
Kenya,2021,113.820655,KEN,76.5,68.2,97.5,-53.357594363138304,7.59048947333467,5.36036190289931,6.10793603659176,61.427,1.94276128252757,53.005614,1.24873851843942,5.693,3.70601674052537
Kiribati,2021,4.241574,KIR,92.8,,88.3,-0.929993218257545,8.70967741935485,3.0364151363392202,2.05361676773907,67.417,1.88854075847608,0.128874,0.206350691383521,,3.21215521595277
Kosovo,2021,8.612204,XKX,,,,-382.152061506954,10.7456560819583,12.3627048078625,3.35369139207997,76.806,-0.229015994470004,1.786038,,,
Kyrgyz Republic,2021,47.561707,KGZ,99.7,99.6,99.8,-560.7225,5.50700762671923,5.80238897216037,11.9050398185147,71.9,2.89836288600667,6.7734,2.43804250608539,4.096,3.68212067180449
Lao PDR,2021,0.111118,LAO,100.0,100.0,100.0,-1071.91371560885,2.52835100486102,8.11105606707263,3.75562036658877,68.061,1.43321406495938,7.425057,0.409309689497471,1.997,3.20578551769306
Lebanon,2021,1.69539,LBN,100.0,100.0,100.0,-1938.56521599053,-7.00123862514116,11.8600586252712,154.756096023393,75.047,-1.24903516691702,5.592631,-2.77767569515735,12.621,-1.06027935521454
Lesotho,2021,2.839676,LSO,50.4,37.7,80.6,12.3721924621816,1.85267852107842,2.51697775280919,6.04774591950676,53.062,1.2062178802275,2.281454,0.567278650266865,18.129,2.75141273440041
Liberia,2021,36.783885,LBR,29.8,8.1,49.5,-535.5829055424811,4.98671283481617,1.55874224920002,,60.747,2.05886078022756,5.193416,1.04351583664823,3.792,2.98375028508875
Libya,2021,1.019172,LBY,70.2,,100.0,-377.6,153.492640693078,18.1715229650604,2.86833027751019,71.911,1.21494764533037,6.735277,-0.366717930488518,19.595,1.58975261469859
Madagascar,2021,14.964509,MDG,35.1,10.9,72.6,-243.20937577676202,5.73961573854336,1.64230416221094,5.81225118787715,64.485,2.41686937370051,28.915653,1.3159189166417,3.415,4.14829941294465
Malawi,2021,13.377243,MWI,14.2,5.6,54.2,-101.86908935294,2.75140260887528,1.72882539847128,9.33014410835212,62.904,2.61141776637435,19.889742,2.28632506336067,5.585,4.13757317990985
Malaysia,2021,0.00167,MYS,100.0,100.0,100.0,-7460.18123377477,3.29764100831838,30.456092895174102,2.47710241465447,74.884,1.11985399101,33.573874,-1.25487382891704,4.64,1.81211067246512
Maldives,2021,3.783972,MDV,100.0,100.0,100.0,-642.830713618008,37.6871922873131,18.865719302223,0.543149688737013,79.918,1.35517739152214,0.521457,0.622849442076936,5.021,2.41402267962539
Mali,2021,8.593452,MLI,53.4,18.3,96.9,-584.069023739156,3.05261356942125,2.39946153474407,3.92560283104276,58.941,3.15796436945004,21.904983,1.77930513567098,2.29,4.89191053403395
Marshall Islands,2021,NA,MHL,99.8,100.0,96.0,-0.499428443349172,1.11230090181571,6.5774891774217705,,65.269,-3.18995490050083,0.04205,-4.85671599910692,,-2.71925518200787
Mauritania,2021,16.348824,MRT,47.7,,89.7,-1061.51890335589,0.742715499632851,5.98820355101133,3.56516484650185,64.364,2.55391077109444,4.614974,0.733250155970717,11.068,4.00016634682876
Mauritius,2021,0.052986,MUS,99.6,99.8,99.3,2426.79766502359,3.40379866177662,22.7375729410543,4.02852888157376,73.680243902439,0.0252729878913446,1.266334,-0.000133335733373,7.719,0.0621867074163359
Mexico,2021,0.460391,MEX,100.0,100.0,99.9,-35611.981395,5.73920833768318,21.1319157582539,5.68920847683753,70.213,0.559420832085433,126.705138,-0.930688376022042,4.019,0.911823977262318
Moldova,2021,0.00412,MDA,100.0,100.0,100.0,-371.84,13.9299997889786,15.682070328465299,5.10641129002841,68.846,-1.50342952349937,2.595809,-1.76447622624657,0.794,-1.1563087994258
Mongolia,2021,4.335388,MNG,100.0,100.0,100.0,-2060.0227680239,1.63676957736662,14.9511365679904,7.35281243380219,70.975,1.60937103615911,3.347782,1.20017632740147,7.747,1.79561951920373
Morocco,2021,122.021879,MAR,100.0,100.0,100.0,-1621.3853789319,8.02098437000988,8.581330078125,1.40195883962006,74.042,1.05148431222073,37.076584,-0.42085763604598,10.539,1.88693234929498
Mozambique,2021,152.008035,MOZ,31.5,3.8,77.4,-5101.667954530851,2.37743573747173,1.4404596813034,6.40847652975692,59.325,2.84211234895462,32.077072,1.95781133362253,3.984,4.3253719388489
Myanmar,2021,31.42382,MMR,72.5,62.8,93.6,,-12.0163724829177,5.13888724952007,,65.672,0.699278204168444,53.798084,0.252443777153596,4.34,1.68028696218233
Namibia,2021,0.035507,NAM,55.2,33.2,74.7,-822.4402429268009,3.60382919248703,10.7850834347808,3.61690530108814,59.269,1.63585889002733,2.530151,-0.411416490578068,20.877,3.48673295359635
Nauru,2021,0.639231,NRU,100.0,100.0,100.0,,7.75193798449692,11.3400401589701,,63.617,1.57902257627617,0.012511,,,1.57902257627617
Nepal,2021,117.186254,NPL,89.9,,94.2,-196.32602403483,4.838149614115,4.46146878467812,4.14968003360264,68.45,2.31172371212952,30.034989,1.76632285853189,12.315,4.3895210502418
Nicaragua,2021,18.166539,NIC,86.3,66.3,100.0,-1205.5759606551198,10.3154484052751,6.87373117748359,4.92841396948968,73.837,1.39120241997296,6.85054,0.742566938278821,6.064,1.83926222503864
Niger,2021,30.543912,NER,18.6,9.1,65.9,-555.5707084763319,1.38359636198477,1.5384707469366001,3.83786802840501,61.576,3.70742378461307,25.252722,3.55738753138106,0.819,4.45643069921083
Nigeria,2021,101.163323,NGA,59.5,26.3,89.2,-1495.30000549838,3.64718654072446,5.623664078106049,16.9528457221608,52.676,2.40636338101405,213.401323,0.75253093446399,5.393,3.91158763372462
North Macedonia,2021,2.646446,MKD,100.0,100.0,100.0,-453.22758968566103,4.51067949038222,22.3714967909767,3.23074912132919,73.2463414634146,-1.02945804668594,1.837114,-1.76444286511183,15.801,-0.51093087065092
Pakistan,2021,462.18248,PAK,94.9,91.9,99.9,-1905.0,6.51388575852702,5.55458570149625,9.49621056124947,66.098,1.83406208240793,231.402117,1.39544727165357,6.338,2.57128163621201
Palau,2021,5.111263,PLW,100.0,100.0,100.0,-31.441,-14.1640511125218,15.7819790485702,2.6124818577648,,0.288921192202971,0.018024,-2.33911478935115,,0.896008183183221
Panama,2021,0.369519,PAN,95.3,,99.8,-1361.4033628599998,15.835765045402,30.8958322499594,1.63070337301898,76.223,1.3156150150044,4.351267,0.166107427541163,10.453,1.84190423022041
Papua New Guinea,2021,5.199699,PNG,20.9,14.0,65.2,1701.67064165,-0.780328729320829,3.99294122087936,4.48359014042398,65.351,2.02856054038959,9.949437,1.90038166095255,2.906,2.85690964935438
Paraguay,2021,5.128325,PRY,100.0,100.0,100.0,-88.794466572257,4.01673731780312,15.3610847494949,4.787983101236,70.262,1.27761600231743,6.703799,0.446506102896626,7.311,1.77970381658121
Peru,2021,3.118801,PER,95.6,83.6,98.9,-5173.35928162226,13.3552295093079,15.0286277005836,4.27166381536798,72.377,1.22566025209601,33.715471,0.285902819174157,5.097,1.484594176973
Philippines,2021,1.677304,PHL,97.5,96.5,98.6,-9732.24273850623,5.71473313426225,8.797168711843709,3.92718022100332,69.266,1.49455716704944,113.880328,0.968379334547293,3.398,2.07505070686737
Rwanda,2021,42.080405,RWA,48.7,38.2,98.0,-211.896128856101,10.8579671876279,2.7094578299920697,-0.391346748300791,66.072,2.3717515483557,13.461888,2.20690900920424,15.793,3.14887017139105
Samoa,2021,NA,WSM,98.3,97.9,100.0,-8.23187602277779,-7.07883094291508,6.07468985484715,3.13320473174494,72.767,1.76857821590665,0.218764,1.94770361036009,10.368,0.942255424728103
Sao Tome and Principe,2021,0.132094,STP,78.5,73.7,80.0,-58.8869607596383,1.89929891337832,5.70324824295017,8.13777038378732,67.591,2.02203616729568,0.223107,-0.821944513039984,15.042,2.98451835694329
Senegal,2021,59.798441,SEN,68.0,43.4,93.9,-2536.4501249926902,6.54400109937833,4.2587862835510695,2.18032278088147,67.093,2.64538054494311,16.87672,1.7197199608287,3.368,3.63378509292416
Serbia,2021,26.069161,SRB,100.0,100.0,100.0,-4328.35362231541,7.72594777674031,22.574230472232802,4.08510285335102,72.780487804878,-0.943688169512831,6.834326,-1.41546743042084,10.061,-0.581176359749602
Sierra Leone,2021,34.756357,SLE,27.5,4.9,57.0,-212.289192761103,4.10470008884118,1.62397562392431,11.8739588840234,60.062,2.24176737112654,8.420641,1.45201018667166,3.516,3.28238029195017
Solomon Islands,2021,1.110271,SLB,76.3,75.4,79.2,-23.030117860219,2.56434975416948,2.71419319555387,-0.115437894412839,70.348,2.3817422996453,0.707851,1.77189175659077,0.866,4.22123257899854
Somalia,2021,1.391523,SOM,49.3,30.6,70.6,,3.31098923423325,1.4619687916597,,55.28,3.14623658777376,17.065581,2.04474062991305,19.553,4.41681805674587
South Africa,2021,72.479027,ZAF,89.3,93.4,87.4,-40557.2118506501,4.70306206485731,14.1725442514653,4.61167217803206,62.341,0.998920418563044,59.392255,-0.522735592905649,28.77,1.72820735429586
South Sudan,2021,1.506831,SSD,7.7,5.7,15.6,0.0,,,10.5167158294359,54.975,1.33037160015506,10.748272,0.934855401808877,13.868,2.87783190075882
Sri Lanka,2021,78.350484,LKA,100.0,100.0,100.0,-574.849254618698,4.20748597719036,14.3161364925465,7.01478071238195,76.399,1.07544995696428,22.156,0.894440654977326,5.258,1.85795175912168
Sudan,2021,NA,SDN,61.8,49.4,84.2,-468.626509829293,-1.8685204827207,3.42045190429688,359.093040778999,65.267,2.70104593999388,45.657202,2.17454280110503,11.466,3.66087923334274
Suriname,2021,0.401,SUR,98.8,97.5,99.5,124.0453494897,-2.43538583612838,18.4473399360527,59.1196626251977,70.274,0.970459647008266,0.612985,0.763025734602326,8.459,1.07644572384519
Syrian Arab Republic,2021,2.009712,SYR,88.8,74.5,100.0,,1.29973808951831,2.91453055943546,,72.063,2.62158395663386,21.324367,1.153244738089,14.796,3.78469280318205
Tajikistan,2021,61.635435,TJK,99.6,99.8,98.9,-36.3376471949617,9.39999955037523,4.07456022293416,,71.594,2.14442565988658,9.750064,1.84049420640959,7.253,2.9410605641589
Tanzania,2021,88.407596,TZA,42.7,23.3,77.3,-1190.5073987839999,4.32138429480482,3.4514482421875,3.69091958802199,66.201,3.00728723340751,63.588334,1.87855991015871,2.806,5.05003787136275
Thailand,2021,0.310211,THA,100.0,100.0,99.8,3980.4222653766396,1.56818176501186,20.2809337147138,1.23039541318384,78.715,0.175345074912752,71.601103,-1.34531963754895,1.215,1.59052125513576
Timor-Leste,2021,2.663841,TLS,100.0,100.0,100.0,419.035233174685,5.31553743115596,6.97000022084661,,67.737,1.59847001383189,1.320942,1.05086683454672,2.344,2.78888691359542
Togo,2021,2.348333,TGO,55.7,24.7,96.3,,5.99087610392314,2.6468280389371897,4.1862150652352,61.619,2.36733896209991,8.644829,1.38701924195054,2.285,3.66265953118944
Tonga,2021,3.992305,TON,100.0,100.0,100.0,-3.86282126219098,-2.66750617523127,6.742461773596671,5.64051140636751,70.986,0.722298202056167,0.106017,0.716469482028246,2.111,0.741700287919935
Tunisia,2021,7.032342,TUN,99.9,99.7,100.0,-531.409630271852,4.60518674330524,12.1590545314745,5.706350208307,73.772,0.828863470070942,12.262946,-0.228249275349127,16.505,1.28779928049411
Turkmenistan,2021,118.441895,TKM,100.0,100.0,100.0,,6.2,,,69.264,1.45197711119455,6.341855,0.431721112311057,4.452,2.36559760527205
Tuvalu,2021,0.797106,TUV,99.7,99.1,100.0,-0.9152277120656871,1.8041359113616,5.0537504457011,,64.547,1.21224489943751,0.011204,-0.95863499016696,,2.41210718594233
Uganda,2021,47.079939,UGA,45.2,35.9,72.3,-1647.89293152841,3.53658034070898,2.68826683541475,2.20457204757414,62.705,3.211427903809,45.853778,2.41004909794314,3.422,5.58348513372764
Ukraine,2021,3.018849,UKR,100.0,100.0,100.0,-7518.0,3.4456255827111,18.040345703125,9.36313917695223,69.6478048780488,-0.814860929840815,43.848986,-1.30632901685897,9.834,-0.601033069640611
Uzbekistan,2021,18.752741,UZB,99.9,99.8,100.0,-2277.77311581438,7.40336813606621,8.16219581678151,10.849239750812,70.862,1.97570606573325,34.9151,1.95351985238959,5.345,1.99752134749295
Vanuatu,2021,0.171552,VUT,70.0,60.7,97.0,-42.8385876707917,-1.55229489129462,3.0065803095493,2.34328358208953,70.449,2.3627415254938,0.319137,2.1745498991133,4.734,2.90981418827664
"Venezuela, RB",2021,0.057293,VEN,100.0,99.9,100.0,,,,,70.554,-1.02517870784193,28.199867,-1.41842328626682,7.027,-0.973082844957155
West Bank and Gaza,2021,288.369753,PSE,100.0,100.0,100.0,-295.52269360458797,7.01198227592003,5.66312160743584,1.23748102831369,73.473,2.45703865277568,4.922749,1.22969962252203,26.39,2.8265248603175
"Yemen, Rep.",2021,9.567383,YEM,74.9,63.4,93.1,,,,,63.753,2.137789700681,32.981641,1.10496772100487,18.248,3.80680448268827
Zambia,2021,23.44688,ZMB,46.7,14.5,85.7,-674.299354830292,6.23492204726448,3.52650741804083,22.0207676245777,61.223,2.84080597789489,19.473125,1.81882116246763,5.195,4.0944299035781
Zimbabwe,2021,2.356068,ZWE,49.0,31.6,85.3,,8.46801689759531,3.27626775276077,98.5461050920624,59.253,2.0457148779533,15.993524,1.95565130826573,9.54,2.23472352659423
Albania,2022,22.801707,ALB,100.0,100.0,100.0,-1249.8484995736,4.85640165227306,19.492783098569202,6.72520271530048,76.833,-1.21579032012532,2.777689,-3.4826718929972,11.588,0.0937160630163749
Angola,2022,7.205441,AGO,48.5,,76.2,6639.71901434389,3.04540300954928,7.928641497538799,21.3552901320822,61.929,3.09675267067326,35.588987,1.16988950750432,14.693,4.01308573880927
Antigua and Barbuda,2022,NA,ATG,100.0,100.0,100.0,-294.856261851852,9.51639564359461,29.7115633165812,7.53107834634288,79.236,0.581875832853236,0.093763,0.626473656182584,,0.443420768258624
Argentina,2022,2.115442,ARG,100.0,100.0,100.0,-13110.7639346583,4.95636996008236,29.0374891215021,,76.064,0.925835473662058,46.23483,-0.604271965438531,6.805,1.0536956642987
Armenia,2022,56.580006,ARM,100.0,100.0,100.0,-948.310487745901,12.5999999997766,20.445098880893003,8.64091108973855,73.372,-0.377102034390101,2.780469,-0.766181005512736,8.608,-0.153477828560035
Azerbaijan,2022,NA,AZE,100.0,100.0,100.0,4646.691,4.71480236521231,22.5334940568508,13.8522590144267,73.488,0.039507866238038,10.141756,-0.876203438418356,5.65,0.731066864167429
Bangladesh,2022,2024.976654,BGD,99.4,99.3,100.0,-1603.28989255869,7.09982877575158,8.35471586776861,7.69695437176898,73.698,1.0748367431585,171.186372,-0.186067869158902,5.247,3.02005134703142
Belize,2022,3.070418,BLZ,98.6,97.1,98.4,-139.707558830593,8.73431143782066,13.280598394184501,6.27689319447544,70.962,1.30164025141276,0.405272,0.938370414690854,8.724,1.72299675057218
Benin,2022,292.663996,BEN,56.5,45.5,71.1,-329.419204124988,6.25324491401346,3.95796121240461,1.35077863583527,59.954,2.70204108933956,13.352864,1.5945636806233,1.473,3.84311253980829
Bhutan,2022,47.723748,BTN,100.0,100.0,100.0,-8.40209714562732,5.21386783786224,15.021728993413001,5.63916671396365,72.229,0.63707753130368,0.782455,-0.559670231111908,5.947,2.2011997816392
Bolivia,2022,95.114528,BOL,99.9,95.6,100.0,-87.03131265507359,3.60568042633635,10.238812087808,1.74632872945969,64.928,1.1902748132628,12.22411,-0.0193768098890212,3.552,1.69273251605103
Bosnia and Herzegovina,2022,29.994626,BIH,100.0,100.0,100.0,-728.840784720515,4.22681101095546,20.9985226347685,,75.293,-1.15051398459433,3.233526,-1.97644966076043,12.657,-0.312364152347269
Botswana,2022,0.136355,BWA,75.9,25.0,95.5,-699.506126122522,5.48602817797183,18.516191337299702,11.665567478802,65.913,1.60475774255203,2.630296,-0.757738982703075,23.615,2.528399763826
Brazil,2022,5.577151,BRA,100.0,97.3,100.0,-41251.769571230005,3.01669435393015,19.3985898133446,9.28010608956873,73.425,0.459583548488331,215.313498,-1.43477413276271,9.231,0.731782791660602
Burkina Faso,2022,67.404367,BFA,19.5,3.4,60.5,-646.208346279291,1.77791543778547,2.6205076544193,14.2902354303358,59.766,2.55998839127434,22.673762,1.62925811561642,5.348,4.57853434254904
Burundi,2022,15.397398,BDI,10.3,1.7,64.0,-23.3230709727044,1.84899943948213,0.9175060350170849,18.8008786664945,61.977,2.66016084004174,12.889576,2.24156833232946,0.919,5.18176829281217
Cabo Verde,2022,3.812681,CPV,97.1,96.9,95.3,-104.341973222174,17.439079439153,8.41515759521377,7.93092925430087,74.722,0.884624344860865,0.593149,-0.471079298725834,12.272,1.54263067580849
Cambodia,2022,64.363587,KHM,92.3,88.0,99.0,-3428.34501546067,5.2398102893046,5.20267772458166,5.34370264895437,69.896,1.07216738142292,16.767842,0.478359139929562,0.247,2.86403615948122
Cameroon,2022,263.974196,CMR,71.0,25.0,94.0,-898.335371153816,3.58279631926052,5.122644392520581,6.24767713343861,60.958,2.59810258830226,27.914536,1.19046082901274,3.687,3.59912778515254
Central African Republic,2022,59.846878,CAF,15.7,1.6,34.7,,0.502110003427035,1.1124459862811,5.58316735183247,54.477,2.21079511675969,5.579144,1.38439742155493,6.337,3.3114559101304
China,2022,228.98831,CHN,100.0,100.0,100.0,19846.37166652,2.98908408613474,22.4994426677018,1.97357555739051,78.587,-0.0130995013525784,1412.175,-2.84848047649475,4.98,1.64948085688024
Colombia,2022,48.701668,COL,100.0,100.0,100.0,-13799.0057072325,7.2888838865514,21.0556630300002,10.1772313546166,73.659,0.691481571303501,51.874024,-1.02079540826839,10.547,1.07001570964432
Comoros,2022,10.298725,COM,89.9,82.9,100.0,-3.83906011649434,2.38767848524202,3.6876256615308196,,63.68,1.82699354985146,0.836774,1.46982083889384,5.854,2.67086974833235
"Congo, Rep.",2022,3.696284,COG,50.6,12.4,67.5,,1.47535613247133,6.71396363730791,3.04344334698478,63.053,2.28055584966535,5.970424,0.841960505664972,20.261,2.94179949530881
Costa Rica,2022,12.09541,CRI,100.0,100.0,100.0,-3060.05647699041,4.55149177958398,26.1811420172139,8.27477490232654,77.32,0.520031291578434,5.180829,-2.85813807099792,11.325,1.27494530689703
Cuba,2022,0.105154,CUB,100.0,100.0,100.0,,1.77485399483382,,,78.155,-0.393269982974889,11.212191,-0.874436311708841,1.254,-0.252344637840725
"Congo, Dem. Rep.",2022,117.487478,COD,21.5,1.0,45.3,,8.92444762563109,1.53374387797539,,59.743,3.19783510453186,99.010212,2.07183098888039,4.585,4.49147633058734
Djibouti,2022,12.211619,DJI,65.0,36.6,72.8,-187.022847623808,3.72857647005031,6.606387680362539,5.17980847967061,62.859,1.37371534912362,1.120849,0.622995654655986,26.367,1.58178665351689
Dominica,2022,0.3795,DMA,100.0,100.0,100.0,-18.3771030737769,5.58354626264079,16.2831640307333,7.7806152516404,72.981,0.44781644121254,0.072737,-0.619886725151785,,0.872409265468847
Dominican Republic,2022,195.491475,DOM,98.1,95.0,98.8,-4098.8,4.85832403582451,24.3638933746855,8.81109209279587,74.17,0.992978304770296,11.228821,-2.8631023421004,5.504,1.75318143234159
Ecuador,2022,151.664493,ECU,100.0,100.0,100.0,-880.294803529517,6.18613907258741,15.1172706302795,3.46616972213077,77.894,1.13559975243065,18.001,0.547440267704888,3.761,1.45980276414989
"Egypt, Arab Rep.",2022,750.238808,EGY,100.0,100.0,100.0,-11058.1,6.58784560886967,17.7692237397576,13.8956609775178,70.159,1.56907383039584,110.990103,1.38513887826332,7.344,1.81374686282093
El Salvador,2022,0.391998,SLV,100.0,100.0,100.0,-141.595476572317,2.79955216943868,11.743437328033,7.19861615609867,71.475,0.351368233858255,6.336392,-2.18814549439163,2.999,1.22318955763099
Eswatini,2022,13.389742,SWZ,82.3,81.6,86.1,-35.061312444035096,0.475769339744119,10.8870038688932,,56.36,0.785236419347899,1.20167,0.511263373941143,37.852,1.63078168518085
Ethiopia,2022,357.555273,ETH,55.0,43.0,94.0,-3669.99133217486,5.32117628383672,2.8887364917158003,33.8898797100898,65.645,2.54208920295403,123.379924,1.91436762135677,3.493,4.71458679837326
Fiji,2022,3.426662,FJI,92.0,86.8,97.6,-86.91043913607881,20.0164641552219,13.5341943091376,4.52019266394958,68.312,0.556091460082176,0.929766,-0.607615912559098,4.481,1.39930840248299
"Gambia, The",2022,169.831836,GMB,65.4,31.2,82.8,-231.488,4.91782130902605,2.96975720023217,11.5131198380506,62.906,2.47214748808282,2.705992,0.744358436943704,6.082,3.4636847955036
Georgia,2022,177.39395,GEO,100.0,100.0,100.0,-1766.2679124000001,10.9585321385624,22.4427867177574,11.8981654203198,71.587,0.104889950638883,3.712502,-0.959845541646402,11.657,0.812214346055553
Ghana,2022,78.325494,GHA,85.1,71.6,95.0,-1472.5696303150899,3.81750462109567,7.13278365344688,31.2558951049016,63.945,1.93898294382388,33.47587,0.428164103013335,3.084,3.01961006667106
Grenada,2022,NA,GRD,94.2,,,-144.372675925926,7.32074061551874,16.3481702151483,2.5805392590792,75.335,0.662275264266552,0.125438,0.387151130719268,,1.13516495682439
Guatemala,2022,0.124297,GTM,99.1,98.2,97.7,-718.76081,4.11800416923388,13.299602345272,6.88512823344287,68.674,1.43986849494773,17.357886,0.554381886595435,3.051,2.24245295466499
Guinea,2022,230.955468,GIN,47.7,21.3,91.0,-650.1,4.69999999984769,4.08709175183878,10.4930409984424,58.985,2.39091413366776,13.859341,1.74485301250918,5.328,3.46925282214332
Guinea-Bissau,2022,48.049036,GNB,37.4,15.8,61.0,-21.122877897936,4.19999023152431,2.48671754644042,9.39383877456591,59.861,2.15283930362989,2.105566,1.38432404096209,3.204,3.09865245102256
Guyana,2022,9.312035,GUY,93.0,91.6,98.0,-437.345895139141,63.4398643665041,40.3375990146522,6.11505550109935,65.989,0.515592544369467,0.808726,0.344378732261892,12.423,0.979457774769736
Haiti,2022,9.423245,HTI,49.3,,83.0,-39.4132,-1.68198396897978,3.23931900476468,33.98393194707,63.728,1.19334195623455,11.584996,-0.864032500600906,14.719,2.65932604780942
Honduras,2022,105.378029,HND,94.4,86.8,100.0,-737.736078767471,4.14356194013767,6.82008724530813,9.08963911525025,70.728,1.49211855882432,10.43286,-0.0260234827222204,7.037,2.53445916918427
India,2022,1199.070462,IND,99.2,99.3,100.0,-35408.0086860269,6.98703932576051,9.19956773871747,6.69903414079852,67.744,0.680372581057012,1417.173173,-0.0637952197165853,4.822,2.02467121722501
Indonesia,2022,850.358537,IDN,100.0,98.2,100.0,-18067.2079714474,5.30741934775764,14.4456431557921,4.20946383402165,68.25,0.636555115146439,275.501339,-0.882772358445595,3.462,1.75438967502362
"Iran, Islamic Rep.",2022,17.480982,IRN,100.0,100.0,100.0,,3.77663140152906,16.5912645722543,43.4884641742179,74.556,0.710745642903734,88.55057,-1.26165367572678,9.085,1.31406946071107
Iraq,2022,710.723301,IRQ,100.0,100.0,100.0,2326.5,7.63981140220797,14.1996073618433,4.99476596381044,71.336,2.18691693437269,44.496122,1.36990153333031,15.588,2.51680559154277
Jamaica,2022,12.446611,JAM,100.0,100.0,100.0,-258.446,5.22151985159613,10.8260934631064,10.3495688391272,70.629,-0.0112465411699634,2.827377,-0.835872715543971,4.083,0.615165966592129
Jordan,2022,284.727642,JOR,100.0,98.9,100.0,-1152.81690140845,2.42807330466898,9.871875152757461,4.22915568897117,74.215,1.22663656612596,11.285869,-1.20295574790372,18.2,1.44576901782155
Kazakhstan,2022,0.06582,KAZ,100.0,100.0,100.0,-8076.52868291,3.19999999970734,36.5954066927801,15.0278644440851,74.44,2.28528529025291,19.634983,1.88380336311962,4.86,2.57714305090413
Kenya,2022,284.069936,KEN,76.0,65.6,98.0,-344.384016500079,4.8466348557707,5.90209197391186,7.65986268272224,62.055,1.90951031059953,54.027487,1.19514686205062,5.805,3.68014405349464
Kiribati,2022,8.902548,KIR,94.4,,86.0,-2.80044439428432,3.85756676557864,3.31493574684645,,67.661,1.81315663594675,0.131232,0.143837648104365,,3.08814265703533
Kosovo,2022,12.192938,XKX,,,,-580.5797355397859,4.27849850808495,13.9394565030427,11.5805104542012,79.524,-1.01021532573298,1.768086,,,
Kyrgyz Republic,2022,147.033057,KGZ,99.7,99.6,100.0,-509.461,8.96750520041391,6.572382761384151,13.9229093174176,72.0487804878049,2.93148141736729,6.9749,2.42906274339528,4.055,3.7759066784785
Lao PDR,2022,0.111118,LAO,100.0,100.0,100.0,-635.8072760390801,2.70742652643155,8.79355755077116,22.9562225132056,68.999,1.39649568386606,7.529475,0.355601031771404,1.209,3.14881586495892
Lebanon,2022,21.307654,LBN,100.0,100.0,100.0,-460.686777119609,-0.621678970663112,12.8526660201154,171.205491336641,74.416,-1.85691249289585,5.489739,-3.41849213065724,11.599,-1.66740448500957
Lesotho,2022,9.204356,LSO,50.0,37.7,83.6,7.82006916054053,1.28550412458897,2.69999094132178,8.27180389943028,53.036,1.06255709738439,2.305825,0.40387453855962,16.668,2.62082812339415
Liberia,2022,89.523249,LBR,31.8,14.9,53.7,-960.1924686728311,4.80810517290655,1.71268324651079,,61.1,2.08208722249815,5.302681,1.03928846673317,2.99,3.01357369851566
Libya,2022,1.019172,LBY,70.0,,100.0,,1.33614809684626,19.4879010161056,4.51030149235703,72.151,1.13768828173195,6.812341,-0.496109094698942,19.319,1.51723812749595
Madagascar,2022,48.232717,MDG,36.1,10.9,71.6,-325.83120059256396,3.79619908930115,1.78178281175187,8.16059031991844,65.23,2.37869514981706,29.611714,1.26215816857228,3.186,4.0856768670059
Malawi,2022,71.414019,MWI,14.0,5.6,54.0,-206.248031597225,0.923449719368733,1.8204522326777002,20.953969729969,62.898,2.5591382705715,20.405317,2.21226526397601,5.051,4.1569255377855
Malaysia,2022,0.021406,MYS,100.0,100.0,100.0,-3216.65861869885,8.65034422372288,35.0403100931894,3.37869862549928,76.26,1.07936374148797,33.938221,-1.27048312148078,3.93,1.74385200469177
Maldives,2022,8.899786,MDV,100.0,100.0,100.0,-732.227100758867,13.9066763800888,22.9000588170747,2.33314337624567,80.839,0.44582965495802,0.523787,-0.293794180558354,4.424,1.49624569190248
Mali,2022,140.812508,MLI,53.0,18.3,99.7,-671.836204531705,3.47495171106735,2.57665910461572,9.62147608489072,59.417,3.09520925424978,22.59359,1.71193732172786,3.09,4.7819994320149
Marshall Islands,2022,2.330374,MHL,100.0,100.0,96.1,,-0.675525738649768,7.07396819967252,,65.146,-1.15046892532344,0.041569,-2.80495420963058,,-0.693058478097384
Mauritania,2022,67.664806,MRT,49.0,,91.6,-1401.62046182274,6.38702309577425,6.644775199505361,9.52526628622843,64.691,2.59160126770452,4.736139,0.774291763152911,10.602,3.98916029091047
Mauritius,2022,0.052986,MUS,100.0,100.0,99.0,9339.26006901787,8.87988518971193,26.57975609218,10.7737512242899,73.5146341463415,-0.301401216835277,1.262523,-0.360522486331708,6.322,-0.215590864284297
Mexico,2022,1.831157,MEX,100.0,100.0,99.8,-21784.388727,3.94899999903839,23.8591256428872,7.8962761916855,74.832,0.628607802526073,127.504125,-0.878691643238551,3.256,0.978542829018881
Moldova,2022,5.658894,MDA,100.0,100.0,100.0,-541.08,-5.01548231924089,16.3017656869971,28.7372976766235,68.621,-2.21696682736653,2.538894,-2.52446304503354,0.909,-1.81077451220464
Mongolia,2022,30.405766,MNG,100.0,100.0,100.0,-2428.4371399706997,5.0327096366527,16.5590745333008,15.1479560897226,72.667,1.49966908606271,3.398366,1.03405110670962,6.211,1.7102559126151
Morocco,2022,374.740165,MAR,100.0,100.0,100.0,-1654.89839416521,1.25854398420971,9.2053359375,6.65704202759067,74.973,1.02339197878946,37.457971,-0.465299245474923,9.53,1.8488198994254
Mozambique,2022,534.174349,MOZ,33.2,5.0,79.4,-2458.4531114350198,4.35980020115213,1.56554923286483,10.2794018093421,59.625,2.7441930613512,32.969518,1.84391816888737,3.621,4.21886040564237
Myanmar,2022,35.102078,MMR,73.7,62.8,93.9,,4.0374934360085,5.68254133241238,,67.256,0.706117426957398,54.179306,0.233828330599392,2.83,1.72797191769667
Namibia,2022,0.238581,NAM,56.2,33.2,74.8,-1045.15443033978,5.34966408559102,11.9874130269868,6.08128114112413,58.059,1.44635918427576,2.567012,-0.597977571804895,19.748,3.22459017101159
Nauru,2022,1.022815,NRU,100.0,100.0,100.0,,2.15827338129438,12.2467927672905,,64.014,1.24708713411304,0.012668,,,1.24708713411304
Nepal,2022,337.031174,NPL,91.3,93.7,97.7,-65.4558651017989,5.63131455871746,4.959883464724929,7.6507917679853,70.484,1.69224660146888,30.54758,1.12985138364778,10.922,3.77904314303939
Nicaragua,2022,49.945337,NIC,86.5,66.3,100.0,-1274.45343391643,3.75228475736668,7.5262903841613,10.4674244465991,74.615,1.41827846169398,6.948392,0.730830815174848,4.978,1.88782770076417
Niger,2022,175.664546,NER,19.5,7.7,66.1,-957.256454894032,11.9000000000277,1.7755965442762098,4.22621791916393,62.08,3.71298781842953,26.207977,3.54106240554905,0.552,4.56306413556878
Nigeria,2022,424.330483,NGA,60.5,27.0,89.0,119.729340659017,3.25168140827093,6.06918710905828,18.8471877843274,53.633,2.38000715491565,218.541212,0.72633652137697,3.827,3.83862295502251
North Macedonia,2022,16.36327,MKD,100.0,100.0,100.0,-683.8260641586891,2.22170527084103,24.1795724424566,14.2047173195833,74.4248780487805,-0.294481335654044,1.831712,-1.10334003745939,14.477,0.268721166237247
Pakistan,2022,763.977768,PAK,95.0,93.0,100.0,-305.0,4.767539530847,6.1123247203395,19.8738599646655,66.431,1.89324559780014,235.824862,1.42700699579688,5.548,2.66748411228143
Palau,2022,15.247343,PLW,100.0,100.0,99.9,-72.014,-0.362288565445908,16.8030900621379,12.3526638378124,,0.171845159947773,0.018055,-2.425831505979,,0.752979849097848
Panama,2022,1.322467,PAN,95.0,100.0,99.0,-2871.7855454,10.8093661181786,36.169586210702995,2.85965128834711,76.826,1.30858019134362,4.408581,0.129526884636545,8.202,1.83933560893828
Papua New Guinea,2022,12.591309,PNG,19.0,14.2,65.1,,5.16505132632446,4.4092326306459295,5.25323922215241,65.958,1.92302821820746,10.142619,1.77732307000878,2.689,2.85511007660365
Paraguay,2022,31.156515,PRY,100.0,100.0,100.0,-724.828156639407,0.176038366132886,16.2846953009672,9.76556667164402,70.475,1.14124498151162,6.780744,0.278944751214435,6.755,1.6551659920908
Peru,2022,7.533893,PER,96.2,85.1,99.0,-11788.7381618292,2.72550021563363,16.3630863943113,8.33370630096231,73.385,0.986112053718798,34.049588,0.0139599069492764,3.85,1.25072981702459
Philippines,2022,20.470098,PHL,94.8,91.1,98.0,-5630.950417408109,7.58098212785563,9.98328775298405,5.82115811213955,72.187,1.46331572990702,115.559009,0.901683661856063,2.598,2.07589720927854
Rwanda,2022,73.250073,RWA,50.6,38.2,98.0,-305.10186338,8.15773440296567,3.0651453603085,17.6892095588154,67.129,2.31160323907511,13.776698,2.12581581873789,15.085,3.1787690947125
Samoa,2022,NA,WSM,98.3,97.9,100.0,-4.8895355741943805,-5.30629089966979,6.05719736332692,10.9618822286844,72.598,1.64031006593833,0.222382,1.7932069508255,9.923,0.928354618369993
Sao Tome and Principe,2022,2.130264,STP,78.0,73.7,80.0,-126.588229232391,0.0652824380846795,5.99400220297043,18.0056351122841,68.794,1.89711496901471,0.22738,-0.877721406684378,14.115,2.80169615097644
Senegal,2022,179.879335,SEN,67.9,43.4,96.6,,3.82185605131144,4.6126882661886,9.69681899081073,67.913,2.57217015290678,17.316449,1.62214908535385,2.968,3.56720042591042
Serbia,2022,42.124341,SRB,100.0,100.0,100.0,-4500.10836113793,2.54995557013696,25.0574195186646,11.9815117344703,75.4821951219512,-2.5170575672922,6.664449,-3.03049392545123,8.684,-2.1259518720739
Sierra Leone,2022,91.164963,SLE,29.4,5.0,55.3,-293.97057280401,3.45753985565149,1.75974588293516,27.2082883814653,60.411,2.17409124204784,8.605718,1.36023193274565,3.194,3.22682158801534
Solomon Islands,2022,4.941203,SLB,76.0,75.4,79.0,-38.3663001821158,2.40248143622522,2.9076428164803203,5.51812928576938,70.742,2.29347735670131,0.724273,1.6826143938785,1.579,4.0918015636879
Somalia,2022,7.490675,SOM,48.9,30.64,76.7,,2.43806527721611,1.55460322924791,,56.107,3.06938435160534,17.597511,1.94992880186467,19.128,4.33035982136787
South Africa,2022,106.286722,ZAF,86.5,93.4,87.1,-6864.35633306894,1.91040617007184,15.330769273747899,7.03972661255866,61.48,0.841058243677696,59.893885,-0.688320300991976,28.838,1.5577491240873
South Sudan,2022,1.682519,SSD,8.4,1.7,15.0,0.0,,,-6.68732094212672,55.567,1.52247694994588,10.913164,1.10392617731607,12.395,3.12789807623538
Sri Lanka,2022,202.315398,LKA,100.0,100.0,100.0,-869.0168981791429,-7.34676438378833,14.1823081781894,49.7211021114327,76.61,0.112772639779474,22.181,-0.0920190299166498,6.33,0.989080403392644
Sudan,2022,1.008708,SDN,63.2,49.4,84.0,-573.504494776,-0.957816591119183,3.5320703125,138.80846024176,65.578,2.63061426078782,46.874204,2.06541630381618,7.53,3.64531287843464
Suriname,2022,10.6985,SUR,99.0,98.0,100.0,-3.3514036304011,2.43372370900539,20.0613538288327,52.446027276241,70.289,0.821271446595146,0.61804,0.560549302151157,8.232,0.954014569113534
Syrian Arab Republic,2022,10.285194,SYR,89.0,75.0,100.0,,,,,72.3,3.68690356008785,22.125249,2.2059379546261,13.813,4.82959184870829
Tajikistan,2022,166.226943,TJK,100.0,100.0,99.0,-162.03781951391,8.00000033846364,4.61442421354987,,71.288,2.05787633614157,9.952787,1.7224877861506,6.981,2.92688990707607
Tanzania,2022,169.063402,TZA,45.8,36.0,74.7,-1264.66798145789,4.56600576430955,3.75116674804688,4.35027204269101,66.782,2.95857345225459,65.497748,1.81538160263568,2.609,4.96315484826221
Thailand,2022,1.963234,THA,99.9,100.0,100.0,-3717.01903615349,2.46276934050356,22.213799374711403,6.07741228434321,79.68,0.133884527761643,71.69703,-1.39540385913059,0.94,1.51607961040569
Timor-Leste,2022,4.270635,TLS,99.7,100.0,100.0,395.383447111064,-20.5415867731785,5.83824159013022,,69.056,1.52911922954277,1.341296,0.972788556284206,1.537,2.71763025687258
Togo,2022,9.979639,TGO,57.2,25.0,96.5,,5.75954251521733,2.92733575934222,7.96757361617945,61.588,2.33091038438886,8.848699,1.33197815513367,2.065,3.6210405007807
Tonga,2022,8.747005,TON,100.0,100.0,100.0,-7.08352345195809,-2.0115205630506,7.01636613133203,10.9713652903022,71.27,0.790139166588327,0.106858,0.762513623043441,2.354,0.882029902812572
Tunisia,2022,260.672166,TUN,100.0,99.7,100.0,-631.767745239309,2.6039605888686,13.253390620804101,8.30646124447623,74.263,0.756904881532985,12.356117,-0.3316151624635,15.301,1.22227756409347
Turkmenistan,2022,462.439109,TKM,100.0,100.0,100.0,,6.20000000000003,,,69.41,1.39229698415698,6.43077,0.331408210861601,4.121,2.32383538525265
Tuvalu,2022,1.627126,TUV,100.0,99.1,100.0,0.0,0.677309361438304,5.3942287534572495,,64.854,0.959325175635466,0.011312,-1.14724011622368,,2.08582301204098
Uganda,2022,160.060781,UGA,47.1,35.9,72.0,-2952.5780386177803,4.58802192181773,2.92066477018752,7.1957888597581,63.638,2.99862763969552,47.249585,2.18129479156574,2.93,5.34248450228519
Ukraine,2022,799.725305,UKR,100.0,100.0,100.0,-187.0,-28.7585905937644,16.080228515625,20.1836366617478,68.5879268292683,-14.3165434537093,38.0,-14.8536456435476,,-14.0845774078149
Uzbekistan,2022,231.573943,UZB,100.0,100.0,100.0,-2650.37326679997,5.66881705491629,9.04234391622839,11.4466436998834,71.674,2.07764491149254,35.6481,1.99894016222853,4.535,2.15495643804265
Vanuatu,2022,0.171552,VUT,70.0,60.7,97.0,-9.20510697957686,1.9160570121628,3.20361662269951,6.67930581887121,70.492,2.35442699234713,0.32674,2.151373895325,5.171,2.94022069941213
"Venezuela, RB",2022,0.117293,VEN,100.0,100.0,100.0,,,,,71.105,0.360447056123405,28.301696,-0.0945369076556734,5.747,0.420433261086472
West Bank and Gaza,2022,322.852851,PSE,100.0,100.0,100.0,-390.22512354368,4.08276027347105,6.1581600930858,3.74122391852077,73.444,2.42553777623863,5.043612,1.16526942273638,24.42,2.79885850455044
"Yemen, Rep.",2022,81.782617,YEM,76.0,65.0,96.1,,,,,63.72,2.14462842106017,33.696614,1.09444824986374,17.515,3.79645480064527
Zambia,2022,57.253652,ZMB,47.8,14.5,87.0,-187.64334086356402,5.24962232294098,3.86489436678034,10.9932039209136,61.803,2.7580323433586,20.017675,1.71444180580472,5.993,4.0092375590255
Zimbabwe,2022,7.655996,ZWE,50.1,33.7,89.0,,6.52237533035446,3.6608355008182003,104.705170628667,59.391,2.02403630999966,16.320537,1.88804332684335,10.087,2.30843663497267
